-16.3524936
-16.4028393
-71.4560343
-71.5287902
-71.5267279 -16.3932493 -71.5268514 -16.3929384
-71.5267279 -16.3932493 -71.5274777 -16.3932668
-71.5267279 -16.3932493 -71.5264598 -16.3932168 -71.5261678 -16.3931499 -71.5259123 -16.3930603 -71.5256639 -16.3929437 -71.5253569 -16.3927364
-71.5283962 -16.3906924 -71.5283568 -16.3907381
-71.5283962 -16.3906924 -71.5285219 -16.3908087
-71.5262665 -16.3905047 -71.5261584 -16.3905947
-71.5262665 -16.3905047 -71.5263445 -16.3905448 -71.5278062 -16.3912242
-71.5244401 -16.3919349 -71.5244634 -16.3919588
-71.5244401 -16.3919349 -71.5249377 -16.3915459
-71.5239719 -16.3954517 -71.5244485 -16.3961604
-71.5239719 -16.3954517 -71.5235026 -16.394755
-71.5239719 -16.3954517 -71.5231086 -16.3960254 -71.5230476 -16.3960659
-71.5230476 -16.3960659 -71.5224922 -16.39541
-71.5230476 -16.3960659 -71.5221677 -16.3966305
-71.5287902 -16.3933671 -71.5286836 -16.3933573 -71.5284615 -16.3933369 -71.5284009 -16.3933335 -71.5278715 -16.3932907
-71.5274777 -16.3932668 -71.5267279 -16.3932493
-71.5274777 -16.3932668 -71.5276748 -16.3932758
-71.520866 -16.3912695 -71.520796 -16.3913264
-71.520866 -16.3912695 -71.5216793 -16.3906225
-71.520866 -16.3912695 -71.5213177 -16.3917938
-71.5213177 -16.3917938 -71.522131 -16.391151
-71.5213177 -16.3917938 -71.5212443 -16.3918515
-71.5213177 -16.3917938 -71.5216984 -16.3922616 -71.5217387 -16.392372
-71.5201152 -16.3927365 -71.5201778 -16.3926875
-71.5201152 -16.3927365 -71.5190154 -16.3936078
-71.5201152 -16.3927365 -71.5196699 -16.3922147
-71.5205623 -16.3932724 -71.5194612 -16.3941325
-71.5205623 -16.3932724 -71.520619 -16.3932273
-71.5205623 -16.3932724 -71.5201152 -16.3927365
-71.5196699 -16.3922147 -71.5197275 -16.3921691
-71.5196699 -16.3922147 -71.5192296 -16.3916816
-71.5196699 -16.3922147 -71.5186227 -16.393062 -71.5185948 -16.3930845
-71.5200509 -16.3964143 -71.5196273 -16.3957663
-71.5200509 -16.3964143 -71.518947 -16.3972369
-71.5200509 -16.3964143 -71.5210108 -16.3957032
-71.5200509 -16.3964143 -71.5204355 -16.3970001 -71.5207749 -16.3975206
-71.518947 -16.3972369 -71.5179006 -16.3980321
-71.518947 -16.3972369 -71.5200509 -16.3964143
-71.518947 -16.3972369 -71.5185271 -16.3966196
-71.518947 -16.3972369 -71.5191951 -16.3977699 -71.5194476 -16.3982708
-71.5179006 -16.3980321 -71.5181412 -16.3986087
-71.5179006 -16.3980321 -71.518947 -16.3972369
-71.5179006 -16.3980321 -71.5176103 -16.3973531 -71.5175756 -16.3972904
-71.5179006 -16.3980321 -71.5171109 -16.3986143 -71.5168546 -16.3987493 -71.5164253 -16.3989344
-71.5018387 -16.3815204 -71.5014183 -16.3816989
-71.5018387 -16.3815204 -71.5021195 -16.382181
-71.5018387 -16.3815204 -71.502034 -16.3814523 -71.5021561 -16.3814101
-71.5176945 -16.3921691 -71.5175454 -16.3919874
-71.5176945 -16.3921691 -71.5176607 -16.3921902 -71.5170025 -16.3926016 -71.5169461 -16.3926377
-71.5101318 -16.3831344 -71.5113099 -16.3823221
-71.5101318 -16.3831344 -71.5096737 -16.3825955
-71.5101318 -16.3831344 -71.5105616 -16.3836392
-71.5055846 -16.3812629 -71.5053671 -16.3812646
-71.5055846 -16.3812629 -71.505506 -16.3811397 -71.5054915 -16.3810569
-71.5055846 -16.3812629 -71.5056828 -16.3812857 -71.5057507 -16.3813001 -71.50589 -16.3813262 -71.5059929 -16.3813439 -71.5061021 -16.3813533 -71.5062165 -16.3813743 -71.5063271 -16.3813869 -71.5064985 -16.3814211 -71.5066169 -16.3814321 -71.5066851 -16.3814384 -71.5070688 -16.3814219 -71.5071608 -16.3814179 -71.5075218 -16.3814613 -71.5077125 -16.3815062 -71.5078894 -16.3815764
-71.5274523 -16.3920905 -71.5272474 -16.3919594
-71.5274523 -16.3920905 -71.5276785 -16.3915356 -71.5277663 -16.3913203 -71.5278062 -16.3912242
-71.5274523 -16.3920905 -71.5274354 -16.3926753 -71.5274777 -16.3932668
-71.5149234 -16.3888276 -71.5148482 -16.3888788 -71.5141878 -16.3893161 -71.5141303 -16.3893541
-71.5149234 -16.3888276 -71.5149966 -16.3887803 -71.5160994 -16.3880527 -71.5161389 -16.3880266
-71.5149234 -16.3888276 -71.5148735 -16.3887675 -71.5145712 -16.3884131 -71.5145327 -16.388368
-71.5149234 -16.3888276 -71.5149689 -16.388881 -71.5153205 -16.3892888 -71.5153789 -16.3893524
-71.5139184 -16.3920796 -71.5139906 -16.3920333 -71.5143328 -16.3917893 -71.5144066 -16.3917367
-71.5139184 -16.3920796 -71.5139638 -16.3921446 -71.5143288 -16.3926668 -71.5143652 -16.3927188
-71.5139184 -16.3920796 -71.51385 -16.3920494 -71.5130193 -16.3909267
-71.5139184 -16.3920796 -71.5138353 -16.392136 -71.5136649 -16.3922515
-71.5244817 -16.3904994 -71.524802 -16.3908747
-71.5244817 -16.3904994 -71.5242194 -16.3906811
-71.5244817 -16.3904994 -71.5249443 -16.3901871 -71.5249848 -16.3901743 -71.5250333 -16.3901948 -71.5257008 -16.3909424
-71.5091493 -16.3779213 -71.5092065 -16.3778718
-71.5091493 -16.3779213 -71.5086928 -16.3774598
-71.5091493 -16.3779213 -71.5087954 -16.3782273 -71.5085667 -16.3784259
-71.5228429 -16.390584 -71.5224041 -16.3900544
-71.5228429 -16.390584 -71.5232882 -16.3911404
-71.5228429 -16.390584 -71.5236273 -16.3899634
-71.5228429 -16.390584 -71.5226114 -16.3907713 -71.522131 -16.391151
-71.517492 -16.3896209 -71.5175356 -16.3895885
-71.517492 -16.3896209 -71.5174543 -16.3896471 -71.5163652 -16.3904051 -71.5163236 -16.390434
-71.517492 -16.3896209 -71.5174443 -16.3895642 -71.5170848 -16.3891369 -71.5170371 -16.3890803
-71.5139591 -16.3854428 -71.5140209 -16.3854012
-71.5139591 -16.3854428 -71.5127947 -16.3863053
-71.5139591 -16.3854428 -71.513551 -16.3849566
-71.5194135 -16.3867289 -71.519447 -16.3867701
-71.5194135 -16.3867289 -71.5193244 -16.3866778 -71.5189501 -16.3865414
-71.5219402 -16.3895503 -71.5214937 -16.3890619
-71.5219402 -16.3895503 -71.5224041 -16.3900544
-71.5219402 -16.3895503 -71.5212375 -16.3901055
-71.5219402 -16.3895503 -71.5227623 -16.3888812
-71.5126617 -16.3838973 -71.5114381 -16.3847134
-71.5126617 -16.3838973 -71.5127075 -16.3838649
-71.5126617 -16.3838973 -71.5122292 -16.3833573
-71.5257526 -16.3922942 -71.5261385 -16.3925403
-71.5257526 -16.3922942 -71.5254105 -16.3920234 -71.5249622 -16.3915737
-71.5257526 -16.3922942 -71.5255706 -16.392521 -71.5253569 -16.3927364
-71.5245204 -16.3910032 -71.5236965 -16.3916525
-71.5245204 -16.3910032 -71.5242194 -16.3906811
-71.5245204 -16.3910032 -71.5245493 -16.3910387
-71.5063393 -16.3790327 -71.5064524 -16.3788515
-71.5063393 -16.3790327 -71.5060014 -16.3798591
-71.5063393 -16.3790327 -71.5061674 -16.3785532 -71.5061353 -16.3785005 -71.5060923 -16.3784631 -71.5060012 -16.3784091 -71.5056284 -16.3783101 -71.5054245 -16.3782367
-71.5153451 -16.3995807 -71.5153114 -16.3994836
-71.5153451 -16.3995807 -71.5152249 -16.3995856 -71.5144123 -16.3996228
-71.5143422 -16.3859251 -71.5144058 -16.3858772
-71.5143422 -16.3859251 -71.5142921 -16.385862 -71.5139591 -16.3854428
-71.5143422 -16.3859251 -71.5143017 -16.3859573 -71.5132758 -16.3867729 -71.5132217 -16.3868148
-71.5060014 -16.3798591 -71.5063139 -16.3800406
-71.5060014 -16.3798591 -71.5063393 -16.3790327
-71.5060014 -16.3798591 -71.5059344 -16.3801166
-71.5170371 -16.3890803 -71.5170928 -16.3890433
-71.5170371 -16.3890803 -71.5170041 -16.3891019 -71.515892 -16.3898277 -71.5158523 -16.3898536
-71.5170371 -16.3890803 -71.5166538 -16.3886219 -71.5165914 -16.3885458
-71.5032495 -16.3812445 -71.5033161 -16.3819571
-71.5032495 -16.3812445 -71.5027751 -16.3813032 -71.5021561 -16.3814101
-71.5182197 -16.401585 -71.5182806 -16.4015481
-71.5182197 -16.401585 -71.5176167 -16.4007614 -71.5175809 -16.4007141 -71.5175225 -16.4006368
-71.5199553 -16.3902123 -71.520797 -16.389604
-71.5199553 -16.3902123 -71.5198881 -16.3902629
-71.5199553 -16.3902123 -71.5204308 -16.3907643
-71.5224041 -16.3900544 -71.5219402 -16.3895503
-71.5224041 -16.3900544 -71.5228429 -16.390584
-71.5224041 -16.3900544 -71.5231731 -16.3894491
-71.5224041 -16.3900544 -71.5221555 -16.3902436 -71.5216793 -16.3906225
-71.5076807 -16.3765858 -71.5072964 -16.3763118
-71.5076807 -16.3765858 -71.5070808 -16.3772125
-71.5076807 -16.3765858 -71.50773 -16.3765353
-71.5134258 -16.3808807 -71.5125355 -16.3814994
-71.5134258 -16.3808807 -71.5136262 -16.3807603
-71.5134258 -16.3808807 -71.5134349 -16.3811962 -71.5134858 -16.3814547 -71.5135388 -16.3816071
-71.5134258 -16.3808807 -71.5134121 -16.3808165 -71.5133632 -16.3807396
-71.5127947 -16.3863053 -71.5139591 -16.3854428
-71.5127947 -16.3863053 -71.5123259 -16.3857696
-71.5127947 -16.3863053 -71.5124286 -16.386596 -71.5120722 -16.3868857
-71.5127947 -16.3863053 -71.5131847 -16.3867707 -71.5132217 -16.3868148
-71.5164183 -16.4028319 -71.5165161 -16.4027607 -71.5168152 -16.4025427
-71.5221677 -16.3966305 -71.5216714 -16.3962327 -71.5214772 -16.3960771
-71.5221677 -16.3966305 -71.5218638 -16.3968247 -71.5207749 -16.3975206
-71.5221677 -16.3966305 -71.5229084 -16.3972384 -71.5230674 -16.3973689
-71.5168081 -16.3866397 -71.5173354 -16.387237
-71.5168081 -16.3866397 -71.517141 -16.3864146
-71.5168081 -16.3866397 -71.5167321 -16.3866608 -71.5163944 -16.3869077
-71.5080831 -16.3821498 -71.5079526 -16.3822583
-71.5164253 -16.3989344 -71.516338 -16.3989364
-71.5164253 -16.3989344 -71.5168546 -16.3987493 -71.5171109 -16.3986143 -71.5179006 -16.3980321
-71.5164253 -16.3989344 -71.516689 -16.3993036 -71.5167744 -16.3994168
-71.5119241 -16.3853097 -71.5118746 -16.3852469
-71.5119241 -16.3853097 -71.5123259 -16.3857696
-71.5119241 -16.3853097 -71.5116351 -16.3855119 -71.5114702 -16.3857702 -71.5112359 -16.385917
-71.5123259 -16.3857696 -71.513551 -16.3849566
-71.5123259 -16.3857696 -71.5119241 -16.3853097
-71.5123259 -16.3857696 -71.5127947 -16.3863053
-71.5123259 -16.3857696 -71.51194 -16.3860312 -71.5115613 -16.3862922
-71.5254163 -16.3943696 -71.5245658 -16.3936524
-71.5254163 -16.3943696 -71.5248387 -16.3948266 -71.5247749 -16.3949124 -71.5247015 -16.3950864
-71.5254163 -16.3943696 -71.5256499 -16.3941753 -71.5256721 -16.3941569
-71.517579 -16.387513 -71.5179495 -16.3872335
-71.517579 -16.387513 -71.5173354 -16.387237
-71.517579 -16.387513 -71.5177887 -16.3877494
-71.5199032 -16.3894784 -71.5196278 -16.3890758
-71.5199032 -16.3894784 -71.520398 -16.389145
-71.5199032 -16.3894784 -71.5195361 -16.3897258
-71.5054915 -16.3810569 -71.505506 -16.3811397 -71.5055846 -16.3812629
-71.5054915 -16.3810569 -71.5054048 -16.3809605 -71.5052884 -16.3801645 -71.505436 -16.3797039 -71.5055727 -16.3795134 -71.5055754 -16.3794465 -71.5054896 -16.3794182 -71.5053239 -16.3795256 -71.5052809 -16.3795234 -71.5052513 -16.3794821 -71.505275 -16.3792973 -71.5050148 -16.3791969 -71.5049049 -16.3791918 -71.5048566 -16.3791171 -71.504988 -16.3788264
-71.5054915 -16.3810569 -71.5054243 -16.381201 -71.5053671 -16.3812646
-71.5054915 -16.3810569 -71.5055167 -16.3809484 -71.5055941 -16.3807922 -71.5056286 -16.3807558
-71.513551 -16.3849566 -71.5123259 -16.3857696
-71.513551 -16.3849566 -71.5136092 -16.3849155
-71.513551 -16.3849566 -71.5130904 -16.3844212
-71.5094571 -16.3782301 -71.5091493 -16.3779213
-71.5094571 -16.3782301 -71.5095219 -16.3781798
-71.5237678 -16.3944623 -71.5233615 -16.393933
-71.5237678 -16.3944623 -71.5241527 -16.3949638
-71.5237678 -16.3944623 -71.5245658 -16.3936524
-71.5240832 -16.3905085 -71.5232882 -16.3911404
-71.5240832 -16.3905085 -71.5236273 -16.3899634
-71.5240832 -16.3905085 -71.5242194 -16.3906811
-71.5153789 -16.3893524 -71.5153205 -16.3892888 -71.5149689 -16.388881 -71.5149234 -16.3888276
-71.5153789 -16.3893524 -71.5154168 -16.3893517 -71.5154502 -16.389382 -71.5157863 -16.3897763 -71.5158523 -16.3898536
-71.5153789 -16.3893524 -71.5152988 -16.3894057 -71.514637 -16.3898459 -71.5145835 -16.3898815
-71.5153789 -16.3893524 -71.5154402 -16.3893116 -71.5165444 -16.3885771 -71.5165914 -16.3885458
-71.5230674 -16.3973689 -71.5244485 -16.3961604
-71.5230674 -16.3973689 -71.5234347 -16.3976957
-71.5230674 -16.3973689 -71.5229084 -16.3972384 -71.5221677 -16.3966305
-71.5088412 -16.3838344 -71.5086407 -16.3836581
-71.5088412 -16.3838344 -71.5091822 -16.3834485
-71.5088412 -16.3838344 -71.508961 -16.3839354 -71.5092806 -16.3842048 -71.5094154 -16.3843183
-71.5175509 -16.3867788 -71.5179495 -16.3872335
-71.5175509 -16.3867788 -71.5176896 -16.3866637
-71.5175509 -16.3867788 -71.5174985 -16.3866772 -71.5174703 -16.386591
-71.5270062 -16.3918063 -71.5272474 -16.3919594
-71.5270062 -16.3918063 -71.5264654 -16.3922524
-71.5270062 -16.3918063 -71.5260768 -16.3912223 -71.525876 -16.39109 -71.5257366 -16.3909789
-71.5187322 -16.3910952 -71.5187873 -16.3910517
-71.5187322 -16.3910952 -71.5182772 -16.3905741
-71.5187322 -16.3910952 -71.5176437 -16.3919141 -71.5176037 -16.3919442
-71.5158792 -16.400312 -71.5152941 -16.4007151
-71.5158792 -16.400312 -71.5160104 -16.4002184
-71.5158792 -16.400312 -71.5153827 -16.3996539 -71.5153451 -16.3995807
-71.5136649 -16.3922515 -71.5129926 -16.3927054
-71.5136649 -16.3922515 -71.5136314 -16.3922181 -71.5134601 -16.3920476 -71.5134149 -16.3920181 -71.5132015 -16.3918897
-71.5136649 -16.3922515 -71.513706 -16.3923409 -71.5137287 -16.3923911 -71.5137434 -16.3924269 -71.5138101 -16.3926495 -71.5138294 -16.3927428 -71.5138339 -16.3928259 -71.5138377 -16.3928455 -71.5138456 -16.392864 -71.5139591 -16.3929964
-71.5136649 -16.3922515 -71.5138353 -16.392136 -71.5139184 -16.3920796
-71.5183107 -16.3876422 -71.5187361 -16.3873083
-71.5183107 -16.3876422 -71.5179495 -16.3872335
-71.5183107 -16.3876422 -71.5186135 -16.3879842
-71.5244485 -16.3961604 -71.524764 -16.3966451 -71.5249449 -16.3969229
-71.5244485 -16.3961604 -71.5247735 -16.395904 -71.525565 -16.3950636
-71.5248883 -16.3931515 -71.5253569 -16.3927364
-71.5248883 -16.3931515 -71.5256721 -16.3941569
-71.5248883 -16.3931515 -71.5246043 -16.3927845
-71.5126622 -16.3911952 -71.5121386 -16.3915487
-71.5126622 -16.3911952 -71.5130193 -16.3909267
-71.5126622 -16.3911952 -71.5127001 -16.3912383 -71.5129354 -16.3915455
-71.5242194 -16.3906811 -71.5244817 -16.3904994
-71.5242194 -16.3906811 -71.5240832 -16.3905085
-71.5242194 -16.3906811 -71.5245204 -16.3910032
-71.5132015 -16.3918897 -71.5129354 -16.3915455
-71.5132015 -16.3918897 -71.5126642 -16.3922472
-71.5132015 -16.3918897 -71.5134149 -16.3920181 -71.5134601 -16.3920476 -71.5136314 -16.3922181 -71.5136649 -16.3922515
-71.5140912 -16.3878416 -71.5140241 -16.3878955 -71.5134022 -16.3883955 -71.5133492 -16.3884382
-71.5140912 -16.3878416 -71.5141511 -16.3877955 -71.5151869 -16.3869957 -71.5152347 -16.3869587
-71.5140912 -16.3878416 -71.5140559 -16.3877979 -71.5137032 -16.3873861 -71.5136563 -16.3873312
-71.5140912 -16.3878416 -71.5141343 -16.387893 -71.5144785 -16.3883034 -71.5145327 -16.388368
-71.5191959 -16.3952044 -71.5180619 -16.3960868
-71.5191959 -16.3952044 -71.5198837 -16.3946573
-71.5191959 -16.3952044 -71.5187608 -16.3946994
-71.5191959 -16.3952044 -71.5195917 -16.3957105
-71.5075264 -16.3821994 -71.5078564 -16.3820907
-71.5075264 -16.3821994 -71.5076025 -16.3819732 -71.507623 -16.3819318 -71.507687 -16.3818021 -71.5077969 -16.3816773 -71.5078894 -16.3815764
-71.5075264 -16.3821994 -71.5074676 -16.3823637 -71.5073278 -16.3827539
-71.5104116 -16.3812639 -71.5092347 -16.3820414
-71.5104116 -16.3812639 -71.5104656 -16.3812146
-71.5104116 -16.3812639 -71.5099646 -16.3807355
-71.5168152 -16.4025427 -71.5169675 -16.4023926 -71.5171767 -16.4022529 -71.5172464 -16.4021991 -71.5172666 -16.4021699 -71.5172671 -16.4021392 -71.5172482 -16.4020949 -71.5166685 -16.4013372 -71.516631 -16.4012611
-71.5168152 -16.4025427 -71.5169748 -16.4024571 -71.5173316 -16.4022277 -71.5173753 -16.4022007 -71.5174984 -16.4021248 -71.5175412 -16.4020983 -71.5178603 -16.4018586
-71.5130904 -16.3844212 -71.5118746 -16.3852469
-71.5130904 -16.3844212 -71.5131492 -16.3843812
-71.5130904 -16.3844212 -71.5126617 -16.3838973
-71.5084877 -16.3829382 -71.5079104 -16.3822952
-71.5124598 -16.3815525 -71.5113628 -16.3822856
-71.5124598 -16.3815525 -71.5125355 -16.3814994
-71.5124598 -16.3815525 -71.5120388 -16.3810514
-71.5135807 -16.3996598 -71.5122719 -16.3997185
-71.5135807 -16.3996598 -71.5135674 -16.3995625
-71.5135807 -16.3996598 -71.5137957 -16.4011323
-71.5144066 -16.3917367 -71.5143328 -16.3917893 -71.5139906 -16.3920333 -71.5139184 -16.3920796
-71.5144066 -16.3917367 -71.5143594 -16.3916812 -71.5139425 -16.3911917 -71.5138938 -16.3911345
-71.5144066 -16.3917367 -71.5144666 -16.3918087 -71.5148508 -16.3922696 -71.5148992 -16.3923277
-71.5144066 -16.3917367 -71.5144585 -16.391702 -71.5154598 -16.3910166 -71.5155243 -16.3909724
-71.5108618 -16.3817908 -71.5109185 -16.3817565
-71.5108618 -16.3817908 -71.5096737 -16.3825955
-71.5108618 -16.3817908 -71.5104116 -16.3812639
-71.5154594 -16.3850644 -71.5151451 -16.385313
-71.5154594 -16.3850644 -71.5152748 -16.3848415
-71.5154594 -16.3850644 -71.5155202 -16.3850204
-71.4973409 -16.3705467 -71.4970685 -16.3704268
-71.4973409 -16.3705467 -71.4974705 -16.3703228
-71.4973409 -16.3705467 -71.4975536 -16.3706505 -71.4985808 -16.3712642 -71.4987727 -16.371358 -71.4989735 -16.3714375
-71.5155276 -16.3995666 -71.5153451 -16.3995807
-71.5155276 -16.3995666 -71.5155755 -16.3996287 -71.5156702 -16.3997518 -71.5159295 -16.4001075 -71.5160104 -16.4002184
-71.5179574 -16.3901821 -71.5180096 -16.3901464
-71.5179574 -16.3901821 -71.5179129 -16.3902133 -71.5168392 -16.3909654 -71.5168103 -16.3909857
-71.5179574 -16.3901821 -71.5179086 -16.3901232 -71.5175376 -16.3896759 -71.517492 -16.3896209
-71.5091202 -16.3957628 -71.5091623 -16.3957213 -71.5093138 -16.395572 -71.5093711 -16.3955136 -71.5093902 -16.3954925
-71.5175877 -16.4005822 -71.5175225 -16.4006368
-71.5175877 -16.4005822 -71.5176474 -16.4006654 -71.5182806 -16.4015481
-71.5189612 -16.3936508 -71.5190154 -16.3936078
-71.5189612 -16.3936508 -71.518312 -16.3941785
-71.5189612 -16.3936508 -71.51852 -16.3931427
-71.5172108 -16.3915965 -71.5172755 -16.3915543
-71.5172108 -16.3915965 -71.5170536 -16.3913986
-71.5172108 -16.3915965 -71.517172 -16.3916221 -71.5165193 -16.3920525 -71.5164697 -16.3920852
-71.5195917 -16.3957105 -71.5196273 -16.3957663
-71.5195917 -16.3957105 -71.5191959 -16.3952044
-71.5195917 -16.3957105 -71.5202025 -16.3952412 -71.5203108 -16.3951597
-71.5258047 -16.3947975 -71.5257107 -16.3947141 -71.5256562 -16.3946571 -71.5256339 -16.3946114
-71.5136563 -16.3873312 -71.5135904 -16.387384 -71.5129662 -16.3878845 -71.512916 -16.3879262
-71.5136563 -16.3873312 -71.5137181 -16.3872837 -71.514752 -16.3864755 -71.5147888 -16.3864467
-71.5136563 -16.3873312 -71.5136102 -16.3872738 -71.5132755 -16.3868783 -71.5132217 -16.3868148
-71.5136563 -16.3873312 -71.5137032 -16.3873861 -71.5140559 -16.3877979 -71.5140912 -16.3878416
-71.5184755 -16.3892497 -71.5184988 -16.3892893 -71.5186968 -16.3896106 -71.5187121 -16.3896966
-71.5184755 -16.3892497 -71.5183339 -16.3888201 -71.5183608 -16.3888 -71.5184896 -16.3887041 -71.5185368 -16.3886689
-71.5184755 -16.3892497 -71.5185213 -16.3892195 -71.5193692 -16.3886725
-71.5049305 -16.3746219 -71.5049806 -16.3745726
-71.5049305 -16.3746219 -71.5047229 -16.3744708 -71.5043924 -16.3742286
-71.5049305 -16.3746219 -71.5049142 -16.3746397 -71.5041682 -16.3754125
-71.5167744 -16.3994168 -71.5168358 -16.399507
-71.5167744 -16.3994168 -71.5178321 -16.3993452 -71.5184225 -16.399258
-71.5151451 -16.385313 -71.515557 -16.3858387
-71.5151451 -16.385313 -71.5154594 -16.3850644
-71.5151451 -16.385313 -71.5145686 -16.3857632 -71.5144382 -16.3858525 -71.5144058 -16.3858772
-71.51852 -16.3931427 -71.5185948 -16.3930845
-71.51852 -16.3931427 -71.5180671 -16.3926039
-71.51852 -16.3931427 -71.5184836 -16.3931716 -71.5178514 -16.393674
-71.5133485 -16.3826098 -71.5122788 -16.3833243
-71.5133485 -16.3826098 -71.5134108 -16.3825682
-71.5133485 -16.3826098 -71.5131824 -16.3824123
-71.5084475 -16.3809525 -71.5095259 -16.3802134
-71.5084475 -16.3809525 -71.508383 -16.3808828 -71.5082966 -16.3808215 -71.5081987 -16.3807906 -71.5073722 -16.3807043
-71.5084475 -16.3809525 -71.5085276 -16.3810518 -71.5088594 -16.3815169
-71.5118746 -16.3852469 -71.5130904 -16.3844212
-71.5118746 -16.3852469 -71.5114381 -16.3847134
-71.5118746 -16.3852469 -71.5119241 -16.3853097
-71.5138021 -16.3831497 -71.5127075 -16.3838649
-71.5138021 -16.3831497 -71.5138782 -16.3830953
-71.5138021 -16.3831497 -71.5133485 -16.3826098
-71.5168358 -16.399507 -71.5167514 -16.3995087
-71.5168358 -16.399507 -71.5168827 -16.3995714 -71.5175263 -16.4004942 -71.5175877 -16.4005822
-71.5156663 -16.3874685 -71.5157246 -16.3874212
-71.5156663 -16.3874685 -71.5156183 -16.3874111 -71.5152739 -16.3870049 -71.5152347 -16.3869587
-71.5156663 -16.3874685 -71.515628 -16.3874989 -71.5145899 -16.3883234 -71.5145327 -16.388368
-71.515688 -16.3978315 -71.5159842 -16.3982726 -71.5160117 -16.3983129
-71.515688 -16.3978315 -71.5160031 -16.3976059 -71.5163678 -16.3973437
-71.5269495 -16.3927201 -71.5268514 -16.3929384
-71.5269495 -16.3927201 -71.5264654 -16.3922524
-71.5269495 -16.3927201 -71.5272474 -16.3919594
-71.5231731 -16.3894491 -71.5224041 -16.3900544
-71.5231731 -16.3894491 -71.5236273 -16.3899634
-71.5231731 -16.3894491 -71.5229182 -16.3891253 -71.5227623 -16.3888812
-71.524156 -16.393359 -71.5241081 -16.3933005
-71.524156 -16.393359 -71.5235004 -16.3938264 -71.5233615 -16.393933
-71.5227623 -16.3888812 -71.5219402 -16.3895503
-71.5227623 -16.3888812 -71.5229182 -16.3891253 -71.5231731 -16.3894491
-71.5086928 -16.3774598 -71.5082258 -16.3769884
-71.5086928 -16.3774598 -71.5087541 -16.3774065
-71.5086928 -16.3774598 -71.5080759 -16.378018
-71.503288 -16.3724956 -71.5038162 -16.3728951
-71.503288 -16.3724956 -71.502954 -16.3722569
-71.503288 -16.3724956 -71.502833 -16.3730223
-71.503288 -16.3724956 -71.5036079 -16.3721445
-71.5151222 -16.3846574 -71.5151773 -16.3846197
-71.5151222 -16.3846574 -71.5140209 -16.3854012
-71.5151222 -16.3846574 -71.5150321 -16.3845531
-71.5027352 -16.3761043 -71.5025449 -16.3764714
-71.5027352 -16.3761043 -71.5028269 -16.3759655 -71.5032379 -16.3754889 -71.5032682 -16.3754559
-71.5027352 -16.3761043 -71.5017264 -16.3755315 -71.5015349 -16.3758817
-71.5043924 -16.3742286 -71.504132 -16.3740456
-71.5043924 -16.3742286 -71.5036477 -16.3750416
-71.5043924 -16.3742286 -71.5044402 -16.3741765
-71.5204308 -16.3907643 -71.520363 -16.3908191
-71.5204308 -16.3907643 -71.5212375 -16.3901055
-71.5204308 -16.3907643 -71.520866 -16.3912695
-71.5167404 -16.3910311 -71.5168103 -16.3909857
-71.5167404 -16.3910311 -71.5167078 -16.3910538 -71.516073 -16.391497 -71.5160082 -16.3915422
-71.5167404 -16.3910311 -71.5166922 -16.3909742 -71.5163205 -16.3905358 -71.5162672 -16.390473
-71.5105616 -16.3836392 -71.5117734 -16.3828491
-71.5105616 -16.3836392 -71.5110047 -16.3841875
-71.5105616 -16.3836392 -71.5101318 -16.3831344
-71.5105616 -16.3836392 -71.5104167 -16.3836961
-71.5175515 -16.3972332 -71.5172377 -16.3967376
-71.5175515 -16.3972332 -71.5175756 -16.3972904
-71.5175515 -16.3972332 -71.5184867 -16.3965785
-71.5121386 -16.3915487 -71.5122184 -16.3916579
-71.5121386 -16.3915487 -71.5120398 -16.3914282
-71.5121386 -16.3915487 -71.5126622 -16.3911952
-71.4944341 -16.3768689 -71.4954837 -16.3776578
-71.4944341 -16.3768689 -71.4941791 -16.3771736
-71.4944341 -16.3768689 -71.4947345 -16.3765008
-71.5236273 -16.3899634 -71.5228429 -16.390584
-71.5236273 -16.3899634 -71.5231731 -16.3894491
-71.5236273 -16.3899634 -71.5240832 -16.3905085
-71.5187873 -16.3910517 -71.5187322 -16.3910952
-71.5187873 -16.3910517 -71.5192885 -16.3916369
-71.5187873 -16.3910517 -71.5190242 -16.390882 -71.5198881 -16.3902629
-71.5057006 -16.3806582 -71.5058538 -16.3806611
-71.5057006 -16.3806582 -71.5056286 -16.3807558
-71.5057006 -16.3806582 -71.5057823 -16.3805402
-71.5126642 -16.3922472 -71.5127456 -16.3923649
-71.5126642 -16.3922472 -71.5124739 -16.3919883
-71.5126642 -16.3922472 -71.5132015 -16.3918897
-71.5088594 -16.3815169 -71.5099646 -16.3807355
-71.5088594 -16.3815169 -71.5092347 -16.3820414
-71.5088594 -16.3815169 -71.5085402 -16.3817343 -71.5084788 -16.3817675 -71.5084094 -16.3817799 -71.5083456 -16.3817629
-71.5088594 -16.3815169 -71.5085276 -16.3810518 -71.5084475 -16.3809525
-71.5110047 -16.3841875 -71.510514 -16.3845123
-71.5110047 -16.3841875 -71.5122292 -16.3833573
-71.5110047 -16.3841875 -71.5105616 -16.3836392
-71.5110047 -16.3841875 -71.5114381 -16.3847134
-71.517274 -16.3863105 -71.5174703 -16.386591
-71.517274 -16.3863105 -71.517141 -16.3864146
-71.517274 -16.3863105 -71.5175303 -16.3861099 -71.5175663 -16.3860918 -71.517606 -16.3860839 -71.5176465 -16.3860867 -71.5186123 -16.3864181 -71.5189501 -16.3865414
-71.5180619 -16.3960868 -71.5172377 -16.3967376
-71.5180619 -16.3960868 -71.5191959 -16.3952044
-71.5180619 -16.3960868 -71.5176209 -16.3955675
-71.5180619 -16.3960868 -71.5184167 -16.3964975 -71.5184867 -16.3965785
-71.5053671 -16.3812646 -71.5055846 -16.3812629
-71.5053671 -16.3812646 -71.5051023 -16.3812552 -71.5049692 -16.381243 -71.5048953 -16.3812392
-71.5053671 -16.3812646 -71.5054243 -16.381201 -71.5054915 -16.3810569
-71.5134669 -16.3933414 -71.5135481 -16.3934559
-71.5134669 -16.3933414 -71.5135138 -16.3933085 -71.513918 -16.3930252 -71.5139591 -16.3929964
-71.5134669 -16.3933414 -71.5134391 -16.3933052 -71.51328 -16.3930978
-71.5157861 -16.3898959 -71.5158523 -16.3898536
-71.5157861 -16.3898959 -71.5157462 -16.3899219 -71.5150867 -16.390368 -71.515029 -16.3904071
-71.5157861 -16.3898959 -71.5157308 -16.3898308 -71.5153888 -16.3894275 -71.5153682 -16.3893932 -71.5153789 -16.3893524
-71.5117734 -16.3828491 -71.5105616 -16.3836392
-71.5117734 -16.3828491 -71.5118197 -16.3828179
-71.5117734 -16.3828491 -71.5113099 -16.3823221
-71.5170536 -16.3913986 -71.5171193 -16.3913543
-71.5170536 -16.3913986 -71.5169886 -16.3913223 -71.5167929 -16.3910927 -71.5167404 -16.3910311
-71.5137957 -16.4011323 -71.5135807 -16.3996598
-71.5137957 -16.4011323 -71.5133923 -16.4007232 -71.5122932 -16.3997962 -71.5122769 -16.3997579 -71.5122719 -16.3997185
-71.5137957 -16.4011323 -71.5139806 -16.4012901 -71.5142151 -16.4014694
-71.4988164 -16.3705986 -71.4990573 -16.3703316
-71.4988164 -16.3705986 -71.4997651 -16.3712836
-71.4988164 -16.3705986 -71.49868 -16.3708056 -71.498662 -16.3708557 -71.4986724 -16.3709016 -71.499025 -16.3711543 -71.4990721 -16.371197 -71.4990825 -16.3712338 -71.4990782 -16.3712593 -71.4990654 -16.3712891 -71.4989735 -16.3714375
-71.5068823 -16.3806878 -71.5064884 -16.3806842 -71.5064732 -16.3806835
-71.5068823 -16.3806878 -71.5069831 -16.3806948 -71.5072163 -16.3807005 -71.5073722 -16.3807043
-71.5068823 -16.3806878 -71.5068834 -16.3806286 -71.5068955 -16.3799878 -71.5069101 -16.3799415
-71.5129926 -16.3927054 -71.5121229 -16.3933061
-71.5129926 -16.3927054 -71.5136649 -16.3922515
-71.5129926 -16.3927054 -71.5130319 -16.392759 -71.51328 -16.3930978
-71.5129926 -16.3927054 -71.5129535 -16.3926514 -71.5127456 -16.3923649
-71.504549 -16.381782 -71.5045575 -16.3816367
-71.504549 -16.381782 -71.5042339 -16.3818186
-71.504549 -16.381782 -71.5048207 -16.381833 -71.504985 -16.381886 -71.5050897 -16.3819417 -71.5053344 -16.3821254 -71.5057093 -16.3823083 -71.506058 -16.3824883 -71.5063424 -16.3826414
-71.5246043 -16.3927845 -71.5241641 -16.3922156
-71.5246043 -16.3927845 -71.5241081 -16.3933005
-71.5246043 -16.3927845 -71.5248883 -16.3931515
-71.5129354 -16.3915455 -71.5124023 -16.391882
-71.5129354 -16.3915455 -71.5132015 -16.3918897
-71.5129354 -16.3915455 -71.5127001 -16.3912383 -71.5126622 -16.3911952
-71.5155243 -16.3909724 -71.5154809 -16.3909228 -71.51507 -16.3904539 -71.515029 -16.3904071
-71.5155243 -16.3909724 -71.5155697 -16.3910258 -71.5159613 -16.3914869 -71.5160082 -16.3915422
-71.5155243 -16.3909724 -71.5155771 -16.3909369 -71.5162288 -16.3904988 -71.5162672 -16.390473
-71.5155243 -16.3909724 -71.5154598 -16.3910166 -71.5144585 -16.391702 -71.5144066 -16.3917367
-71.5187071 -16.3998489 -71.5184577 -16.3993453
-71.5187071 -16.3998489 -71.5176431 -16.4005458 -71.5175877 -16.4005822
-71.5152347 -16.3869587 -71.5152906 -16.3869161
-71.5152347 -16.3869587 -71.5151869 -16.3869957 -71.5141511 -16.3877955 -71.5140912 -16.3878416
-71.5152347 -16.3869587 -71.5151847 -16.3869013 -71.5148261 -16.386489 -71.5147888 -16.3864467
-71.5115506 -16.3804637 -71.5104656 -16.3812146
-71.5115506 -16.3804637 -71.5116178 -16.3804172
-71.5115506 -16.3804637 -71.5114017 -16.3802837
-71.5272474 -16.3919594 -71.5270062 -16.3918063
-71.5272474 -16.3919594 -71.5269495 -16.3927201
-71.5272474 -16.3919594 -71.5274523 -16.3920905
-71.5095259 -16.3802134 -71.5084475 -16.3809525
-71.5095259 -16.3802134 -71.5095819 -16.3801701
-71.5096737 -16.3825955 -71.5108618 -16.3817908
-71.5096737 -16.3825955 -71.5101318 -16.3831344
-71.5096737 -16.3825955 -71.5092623 -16.3820809 -71.5092347 -16.3820414
-71.5210977 -16.3886219 -71.5204257 -16.3878874
-71.5210977 -16.3886219 -71.5214937 -16.3890619
-71.5210977 -16.3886219 -71.520398 -16.389145
-71.5082258 -16.3769884 -71.5080335 -16.3768464
-71.5082258 -16.3769884 -71.5075999 -16.377628
-71.5082258 -16.3769884 -71.5082774 -16.3769316
-71.5115613 -16.3862922 -71.5120722 -16.3868857
-71.5115613 -16.3862922 -71.51194 -16.3860312 -71.5123259 -16.3857696
-71.5115613 -16.3862922 -71.5112581 -16.3859412 -71.5112359 -16.385917
-71.5180671 -16.3926039 -71.518128 -16.3925567
-71.5180671 -16.3926039 -71.5176945 -16.3921691
-71.5180671 -16.3926039 -71.518027 -16.3926344 -71.5174267 -16.3930907 -71.5173721 -16.3931322
-71.5139224 -16.3939694 -71.514036 -16.3941323
-71.5139224 -16.3939694 -71.5138874 -16.3939204 -71.5138247 -16.3938325
-71.5139224 -16.3939694 -71.5139709 -16.3939366 -71.5143796 -16.3936598 -71.5144252 -16.393629
-71.5178603 -16.4018586 -71.5182197 -16.401585
-71.5145327 -16.388368 -71.5144785 -16.3883034 -71.5141343 -16.387893 -71.5140912 -16.3878416
-71.5145327 -16.388368 -71.5145712 -16.3884131 -71.5148735 -16.3887675 -71.5149234 -16.3888276
-71.5145327 -16.388368 -71.5144645 -16.3884229 -71.5138415 -16.3889039 -71.5137852 -16.3889474
-71.5145327 -16.388368 -71.5145899 -16.3883234 -71.515628 -16.3874989 -71.5156663 -16.3874685
-71.4947345 -16.3765008 -71.4944341 -16.3768689
-71.4947345 -16.3765008 -71.4946009 -16.3764709 -71.4945139 -16.3764497 -71.4943993 -16.3764144 -71.4943248 -16.3763723 -71.4942813 -16.3763118 -71.4942775 -16.3762703 -71.4942987 -16.3762327 -71.494361 -16.3761735 -71.4945556 -16.3760982 -71.4946755 -16.3760726 -71.4947674 -16.3760732 -71.4948914 -16.3761166 -71.4952572 -16.3762822 -71.4954333 -16.3763678 -71.495562 -16.3764109 -71.495719 -16.3764238 -71.4957874 -16.3764322 -71.4959456 -16.3764804 -71.4960227 -16.3764836 -71.4960623 -16.3764669 -71.4961213 -16.3764186 -71.4961897 -16.3764051 -71.4962474 -16.3764019 -71.4963312 -16.376456 -71.4963835 -16.3764991 -71.4964901 -16.376555 -71.4968126 -16.3767184 -71.4969327 -16.3767577 -71.4973049 -16.3768364
-71.4947345 -16.3765008 -71.4948444 -16.3765461 -71.4950106 -16.3766561 -71.4951053 -16.3767689 -71.4951712 -16.3768789 -71.4952142 -16.3769394 -71.495713 -16.3773382 -71.4954837 -16.3776578
-71.5172089 -16.3950593 -71.518312 -16.3941785
-71.5172089 -16.3950593 -71.5164879 -16.3956351
-71.5172089 -16.3950593 -71.5167685 -16.3945364
-71.5172089 -16.3950593 -71.5176209 -16.3955675
-71.5263061 -16.3958697 -71.5261089 -16.3959969 -71.525403 -16.3966214 -71.5249449 -16.3969229
-71.5142151 -16.4014694 -71.5146306 -16.4011751
-71.5142151 -16.4014694 -71.5143644 -16.4015945 -71.5146287 -16.4017938
-71.5142151 -16.4014694 -71.5139806 -16.4012901 -71.5137957 -16.4011323
-71.5091822 -16.3834485 -71.5098167 -16.3838687
-71.5091822 -16.3834485 -71.5088412 -16.3838344
-71.5091822 -16.3834485 -71.5090415 -16.3832806 -71.5089249 -16.3833506 -71.5088962 -16.3833579 -71.50887 -16.3833595 -71.5088472 -16.3833514 -71.5087604 -16.383274 -71.5085125 -16.3835172
-71.5147888 -16.3864467 -71.5148431 -16.386405
-71.5147888 -16.3864467 -71.514752 -16.3864755 -71.5137181 -16.3872837 -71.5136563 -16.3873312
-71.5147888 -16.3864467 -71.5147363 -16.3863855 -71.5143918 -16.385983 -71.5143422 -16.3859251
-71.5194585 -16.3941878 -71.5194028 -16.3941792
-71.5194585 -16.3941878 -71.5198837 -16.3946573
-71.5114381 -16.3847134 -71.5126617 -16.3838973
-71.5114381 -16.3847134 -71.5110047 -16.3841875
-71.5114381 -16.3847134 -71.5118746 -16.3852469
-71.5268514 -16.3929384 -71.5267279 -16.3932493
-71.5268514 -16.3929384 -71.5269495 -16.3927201
-71.5268514 -16.3929384 -71.5261385 -16.3925403
-71.5113099 -16.3823221 -71.5108618 -16.3817908
-71.5113099 -16.3823221 -71.5101318 -16.3831344
-71.5113099 -16.3823221 -71.5113628 -16.3822856
-71.5192296 -16.3916816 -71.5192885 -16.3916369
-71.5192296 -16.3916816 -71.5187322 -16.3910952
-71.5192296 -16.3916816 -71.5181591 -16.392532 -71.518128 -16.3925567
-71.5122719 -16.3997185 -71.5119464 -16.3997266
-71.5122719 -16.3997185 -71.5122769 -16.3997579 -71.5122932 -16.3997962 -71.5133923 -16.4007232 -71.5137957 -16.4011323
-71.5135388 -16.3816071 -71.5129506 -16.3819963
-71.5135388 -16.3816071 -71.5134858 -16.3814547 -71.5134349 -16.3811962 -71.5134258 -16.3808807
-71.5135388 -16.3816071 -71.5138039 -16.3819118 -71.5139134 -16.3820229 -71.5140315 -16.382135
-71.5186135 -16.3879842 -71.5183107 -16.3876422
-71.5186135 -16.3879842 -71.5182363 -16.3882786
-71.5186135 -16.3879842 -71.5190179 -16.3876687
-71.5186135 -16.3879842 -71.5189475 -16.3883627 -71.5185828 -16.3886346 -71.5185368 -16.3886689
-71.5222295 -16.3985185 -71.5220427 -16.398628 -71.5216412 -16.3987711 -71.5212423 -16.3988452
-71.5160104 -16.4002184 -71.5158792 -16.400312
-71.5160104 -16.4002184 -71.5163154 -16.4006115 -71.5163532 -16.4006611 -71.5167295 -16.4011812
-71.5073278 -16.3827539 -71.5072119 -16.3830705
-71.5073278 -16.3827539 -71.5077192 -16.3829293 -71.5081014 -16.3831479 -71.5083428 -16.3833306 -71.5085125 -16.3835172
-71.5073278 -16.3827539 -71.5074676 -16.3823637 -71.5075264 -16.3821994
-71.5132217 -16.3868148 -71.5132755 -16.3868783 -71.5136102 -16.3872738 -71.5136563 -16.3873312
-71.5132217 -16.3868148 -71.5131557 -16.3868678 -71.5124845 -16.3874067
-71.5132217 -16.3868148 -71.5132758 -16.3867729 -71.5143017 -16.3859573 -71.5143422 -16.3859251
-71.5132217 -16.3868148 -71.5131847 -16.3867707 -71.5127947 -16.3863053
-71.5092347 -16.3820414 -71.5104116 -16.3812639
-71.5092347 -16.3820414 -71.5088594 -16.3815169
-71.5092347 -16.3820414 -71.5092623 -16.3820809 -71.5096737 -16.3825955
-71.5130736 -16.3908859 -71.5130193 -16.3909267
-71.5130736 -16.3908859 -71.5134111 -16.3906614 -71.5134755 -16.3906185
-71.5130736 -16.3908859 -71.5138998 -16.3920151 -71.5139184 -16.3920796
-71.5163678 -16.3973437 -71.5164684 -16.3972745
-71.5163678 -16.3973437 -71.5160031 -16.3976059 -71.515688 -16.3978315
-71.5163678 -16.3973437 -71.5163266 -16.3972881 -71.5159011 -16.3967146
-71.5146881 -16.3841549 -71.5136092 -16.3849155
-71.5146881 -16.3841549 -71.514748 -16.3841164
-71.5146881 -16.3841549 -71.5144823 -16.3839224
-71.5120388 -16.3810514 -71.5121102 -16.3810106
-71.5120388 -16.3810514 -71.5109185 -16.3817565
-71.5120388 -16.3810514 -71.5115506 -16.3804637
-71.517141 -16.3864146 -71.5168081 -16.3866397
-71.517141 -16.3864146 -71.517274 -16.3863105
-71.517141 -16.3864146 -71.515933 -16.3847931 -71.5158743 -16.3847377
-71.5198837 -16.3946573 -71.5191959 -16.3952044
-71.5198837 -16.3946573 -71.5194585 -16.3941878
-71.5198837 -16.3946573 -71.5200843 -16.3949036 -71.5202759 -16.3951286 -71.5203108 -16.3951597
-71.5198837 -16.3946573 -71.5208981 -16.3938451 -71.5209896 -16.3937718
-71.520398 -16.389145 -71.520129 -16.3887731
-71.520398 -16.389145 -71.520797 -16.389604
-71.520398 -16.389145 -71.5210977 -16.3886219
-71.520398 -16.389145 -71.5199032 -16.3894784
-71.5027789 -16.3730833 -71.5026772 -16.3731965
-71.5027789 -16.3730833 -71.502833 -16.3730223
-71.5021561 -16.3814101 -71.502034 -16.3814523 -71.5018387 -16.3815204
-71.5021561 -16.3814101 -71.5023267 -16.3813222 -71.5027627 -16.3812249 -71.5032343 -16.3811505 -71.5034299 -16.3811277 -71.5037076 -16.3810962 -71.503941 -16.3811288
-71.5122292 -16.3833573 -71.5110047 -16.3841875
-71.5122292 -16.3833573 -71.5122788 -16.3833243
-71.5122292 -16.3833573 -71.5117734 -16.3828491
-71.4963288 -16.3783874 -71.4952025 -16.3779828
-71.4963288 -16.3783874 -71.496074 -16.378399
-71.4963288 -16.3783874 -71.496413 -16.3779261 -71.4954837 -16.3776578
-71.4963288 -16.3783874 -71.4966164 -16.3785055 -71.4967109 -16.3785741
-71.5167354 -16.3978044 -71.5168235 -16.3977428
-71.5167354 -16.3978044 -71.5167061 -16.3977667 -71.5163678 -16.3973437
-71.4999848 -16.3703344 -71.5003061 -16.3705743
-71.4999848 -16.3703344 -71.4997762 -16.3703689 -71.4995635 -16.3704631 -71.4994588 -16.3704895 -71.4993468 -16.3704943
-71.4999848 -16.3703344 -71.5003662 -16.3701347 -71.5004285 -16.3701253 -71.5009057 -16.3704786
-71.5110581 -16.3798923 -71.5100217 -16.3806912
-71.5110581 -16.3798923 -71.5111189 -16.3798456
-71.5110581 -16.3798923 -71.5105912 -16.3793964
-71.4965328 -16.3736603 -71.4968274 -16.3733749
-71.4965328 -16.3736603 -71.4964056 -16.3735443 -71.4960424 -16.3732131
-71.4965328 -16.3736603 -71.4964782 -16.3737421 -71.4964566 -16.3738604 -71.4964371 -16.3740256
-71.5065785 -16.3758001 -71.5058683 -16.3765908
-71.5065785 -16.3758001 -71.5066329 -16.3757432
-71.5065785 -16.3758001 -71.5063116 -16.3756077 -71.5060262 -16.3754021
-71.5167295 -16.4011812 -71.5172652 -16.4008226 -71.5174359 -16.400699 -71.5174814 -16.4006663 -71.5175225 -16.4006368
-71.5167295 -16.4011812 -71.5168258 -16.4012451 -71.5168874 -16.4013113 -71.5173934 -16.4019669 -71.5174297 -16.4020126 -71.5174516 -16.40203 -71.517481 -16.4020357 -71.5175101 -16.4020271 -71.5175424 -16.4020142 -71.5175759 -16.402001 -71.5176065 -16.4019846 -71.5176786 -16.40194 -71.5177084 -16.4019225 -71.5177349 -16.4019091 -71.517762 -16.4018953 -71.5178603 -16.4018586
-71.5189501 -16.3865414 -71.518418 -16.3869856
-71.5189501 -16.3865414 -71.5186123 -16.3864181 -71.5176465 -16.3860867 -71.517606 -16.3860839 -71.5175663 -16.3860918 -71.5175303 -16.3861099 -71.517274 -16.3863105
-71.5189501 -16.3865414 -71.5193244 -16.3866778 -71.5194135 -16.3867289
-71.5176209 -16.3955675 -71.5168574 -16.39619
-71.5176209 -16.3955675 -71.5187608 -16.3946994
-71.5176209 -16.3955675 -71.5172089 -16.3950593
-71.5176209 -16.3955675 -71.5180619 -16.3960868
-71.525565 -16.3950636 -71.5258047 -16.3947975
-71.525565 -16.3950636 -71.526024 -16.395493 -71.5263061 -16.3958697
-71.5000081 -16.3709693 -71.5002873 -16.3711618
-71.5000081 -16.3709693 -71.4997651 -16.3712836
-71.5000081 -16.3709693 -71.5003061 -16.3705743
-71.5000081 -16.3709693 -71.499658 -16.3707202 -71.4994798 -16.3705972 -71.4993468 -16.3704943
-71.5124023 -16.391882 -71.5124739 -16.3919883
-71.5124023 -16.391882 -71.5122184 -16.3916579
-71.5124023 -16.391882 -71.5129354 -16.3915455
-71.516631 -16.4012611 -71.5161953 -16.4016042 -71.5155224 -16.4020844
-71.516631 -16.4012611 -71.5162759 -16.4007979 -71.5162335 -16.4007476 -71.5161868 -16.400685 -71.5161633 -16.4006577 -71.5158792 -16.400312
-71.5256339 -16.3946114 -71.5247015 -16.3950864
-71.5256339 -16.3946114 -71.5256446 -16.3945713 -71.5254163 -16.3943696
-71.5162672 -16.390473 -71.5163236 -16.390434
-71.5162672 -16.390473 -71.5162072 -16.390401 -71.5158393 -16.3899597 -71.5157861 -16.3898959
-71.5162672 -16.390473 -71.5162288 -16.3904988 -71.5155771 -16.3909369 -71.5155243 -16.3909724
-71.5099646 -16.3807355 -71.5088594 -16.3815169
-71.5099646 -16.3807355 -71.5100217 -16.3806912
-71.5099646 -16.3807355 -71.5095259 -16.3802134
-71.5224922 -16.39541 -71.5220514 -16.394911
-71.5224922 -16.39541 -71.5230476 -16.3960659
-71.5224922 -16.39541 -71.5214772 -16.3960771
-71.5224922 -16.39541 -71.5235026 -16.394755
-71.5278715 -16.3932907 -71.5276748 -16.3932758
-71.5278715 -16.3932907 -71.5284009 -16.3933335 -71.5284615 -16.3933369 -71.5286836 -16.3933573 -71.5287902 -16.3933671
-71.5210108 -16.3957032 -71.5200509 -16.3964143
-71.5210108 -16.3957032 -71.5214772 -16.3960771
-71.5210108 -16.3957032 -71.5204604 -16.3952797 -71.5204172 -16.3952432 -71.5203753 -16.3952114
-71.5210108 -16.3957032 -71.5210694 -16.3956586 -71.5220514 -16.394911
-71.5209896 -16.3937718 -71.5210534 -16.3937198
-71.5209896 -16.3937718 -71.5205623 -16.3932724
-71.5209896 -16.3937718 -71.5208981 -16.3938451 -71.5198837 -16.3946573
-71.5253569 -16.3927364 -71.5248883 -16.3931515
-71.5253569 -16.3927364 -71.5255706 -16.392521 -71.5257526 -16.3922942
-71.5253569 -16.3927364 -71.5248933 -16.3923622 -71.5244634 -16.3919588
-71.5253569 -16.3927364 -71.5256639 -16.3929437 -71.5259123 -16.3930603 -71.5261678 -16.3931499 -71.5264598 -16.3932168 -71.5267279 -16.3932493
-71.5263439 -16.3946203 -71.5261632 -16.3944679 -71.5258378 -16.394766 -71.5258047 -16.3947975
-71.5234521 -16.3926912 -71.5230021 -16.392189
-71.5234521 -16.3926912 -71.5240416 -16.3922537 -71.5241367 -16.3921831
-71.5235026 -16.394755 -71.5224922 -16.39541
-71.5235026 -16.394755 -71.5239719 -16.3954517
-71.5235026 -16.394755 -71.5230797 -16.3941271
-71.5276748 -16.3932758 -71.5274777 -16.3932668
-71.5276748 -16.3932758 -71.5278715 -16.3932907
-71.5276748 -16.3932758 -71.5276705 -16.3933326 -71.5266789 -16.3942951 -71.5263439 -16.3946203
-71.5254273 -16.3911577 -71.5254574 -16.3911819
-71.5254273 -16.3911577 -71.5257008 -16.3909424
-71.5282022 -16.3906078 -71.5282391 -16.3905595
-71.5278764 -16.3910725 -71.5278537 -16.3911154 -71.5278062 -16.3912242
-71.5278764 -16.3910725 -71.5279256 -16.3909945 -71.5280127 -16.3908672 -71.5282022 -16.3906078
-71.5154811 -16.3994727 -71.5155276 -16.3995666
-71.5154811 -16.3994727 -71.5159024 -16.3994531
-71.5257008 -16.3909424 -71.5257366 -16.3909789
-71.5257008 -16.3909424 -71.5250333 -16.3901948 -71.5249848 -16.3901743 -71.5249443 -16.3901871 -71.5244817 -16.3904994
-71.5257008 -16.3909424 -71.5260821 -16.3906264 -71.5261584 -16.3905947
-71.5252048 -16.3913468 -71.524802 -16.3908747
-71.5252048 -16.3913468 -71.5254273 -16.3911577
-71.5249377 -16.3915459 -71.5249622 -16.3915737
-71.5249377 -16.3915459 -71.5245493 -16.3910387
-71.5249377 -16.3915459 -71.5252048 -16.3913468
-71.5184867 -16.3965785 -71.5185271 -16.3966196
-71.5184867 -16.3965785 -71.5185431 -16.396534 -71.5188023 -16.3963296 -71.5195917 -16.3957105
-71.5184867 -16.3965785 -71.5184167 -16.3964975 -71.5180619 -16.3960868
-71.516338 -16.3989364 -71.5164253 -16.3989344
-71.516338 -16.3989364 -71.5152429 -16.399077 -71.5144223 -16.3991814 -71.5143951 -16.3991917 -71.5143732 -16.3992102 -71.5143592 -16.3992348 -71.5143547 -16.3992624 -71.514395 -16.3995241
-71.516338 -16.3989364 -71.5160897 -16.3985928 -71.5159638 -16.3984185
-71.516687 -16.3994195 -71.516338 -16.3989364
-71.516687 -16.3994195 -71.5167744 -16.3994168
-71.5167514 -16.3995087 -71.516687 -16.3994195
-71.5167514 -16.3995087 -71.5159059 -16.3995487
-71.5175225 -16.4006368 -71.5175877 -16.4005822
-71.5175225 -16.4006368 -71.5174814 -16.4006663 -71.5174359 -16.400699 -71.5172652 -16.4008226 -71.5167295 -16.4011812
-71.5175225 -16.4006368 -71.5174568 -16.4005416 -71.5170088 -16.3998929 -71.516916 -16.3997615 -71.5168174 -16.399623 -71.5167841 -16.3995676 -71.5167514 -16.3995087
-71.5159276 -16.3983684 -71.5160117 -16.3983129
-71.5159276 -16.3983684 -71.515897 -16.3983276 -71.5155908 -16.3978955 -71.515688 -16.3978315
-71.5233615 -16.393933 -71.5237678 -16.3944623
-71.5233615 -16.393933 -71.5230797 -16.3941271
-71.5233615 -16.393933 -71.5235004 -16.3938264 -71.524156 -16.393359
-71.5158523 -16.3898536 -71.5157861 -16.3898959
-71.5158523 -16.3898536 -71.515892 -16.3898277 -71.5170041 -16.3891019 -71.5170371 -16.3890803
-71.5158523 -16.3898536 -71.5158958 -16.3899072 -71.5162634 -16.3903599 -71.5163236 -16.390434
-71.5163236 -16.390434 -71.5162672 -16.390473
-71.5163236 -16.390434 -71.5163652 -16.3904051 -71.5174543 -16.3896471 -71.517492 -16.3896209
-71.5163236 -16.390434 -71.5163754 -16.3904927 -71.5167462 -16.3909131 -71.5168103 -16.3909857
-71.5168103 -16.3909857 -71.5167404 -16.3910311
-71.5168103 -16.3909857 -71.5168392 -16.3909654 -71.5179129 -16.3902133 -71.5179574 -16.3901821
-71.5168103 -16.3909857 -71.5168674 -16.3910538 -71.5170552 -16.3912779 -71.5171193 -16.3913543
-71.5171193 -16.3913543 -71.5172755 -16.3915543
-71.5171193 -16.3913543 -71.5170536 -16.3913986
-71.5171193 -16.3913543 -71.5171491 -16.3913343 -71.5182772 -16.3905741
-71.5176037 -16.3919442 -71.5175454 -16.3919874
-71.5176037 -16.3919442 -71.518128 -16.3925567
-71.5176037 -16.3919442 -71.5176437 -16.3919141 -71.5187322 -16.3910952
-71.518128 -16.3925567 -71.5180671 -16.3926039
-71.518128 -16.3925567 -71.5185948 -16.3930845
-71.518128 -16.3925567 -71.5181591 -16.392532 -71.5192296 -16.3916816
-71.5185948 -16.3930845 -71.51852 -16.3931427
-71.5185948 -16.3930845 -71.5190154 -16.3936078
-71.5185948 -16.3930845 -71.5186227 -16.393062 -71.5196699 -16.3922147
-71.5190154 -16.3936078 -71.5201152 -16.3927365
-71.5190154 -16.3936078 -71.5189612 -16.3936508
-71.5190154 -16.3936078 -71.5194612 -16.3941325
-71.5194612 -16.3941325 -71.5194028 -16.3941792
-71.5194612 -16.3941325 -71.5205623 -16.3932724
-71.5194612 -16.3941325 -71.5194585 -16.3941878
-71.5194028 -16.3941792 -71.5187608 -16.3946994
-71.5194028 -16.3941792 -71.5194612 -16.3941325
-71.5194028 -16.3941792 -71.5189612 -16.3936508
-71.5131492 -16.3843812 -71.5130904 -16.3844212
-71.5131492 -16.3843812 -71.5142466 -16.383656
-71.5131492 -16.3843812 -71.5136092 -16.3849155
-71.5136092 -16.3849155 -71.513551 -16.3849566
-71.5136092 -16.3849155 -71.5146881 -16.3841549
-71.5136092 -16.3849155 -71.5140209 -16.3854012
-71.5140209 -16.3854012 -71.5151222 -16.3846574
-71.5140209 -16.3854012 -71.5139591 -16.3854428
-71.5140209 -16.3854012 -71.5143105 -16.3857593 -71.5143592 -16.3858195 -71.5144058 -16.3858772
-71.5144058 -16.3858772 -71.5143422 -16.3859251
-71.5144058 -16.3858772 -71.5144382 -16.3858525 -71.5145686 -16.3857632 -71.5151451 -16.385313
-71.5144058 -16.3858772 -71.5144548 -16.3859361 -71.5147929 -16.3863433 -71.5148431 -16.386405
-71.5148431 -16.386405 -71.5147888 -16.3864467
-71.5148431 -16.386405 -71.5148858 -16.386371 -71.515557 -16.3858387
-71.5148431 -16.386405 -71.514877 -16.3864426 -71.5152405 -16.3868588 -71.5152906 -16.3869161
-71.5152906 -16.3869161 -71.5152347 -16.3869587
-71.5152906 -16.3869161 -71.5153307 -16.3868841 -71.5159744 -16.3863716
-71.5152906 -16.3869161 -71.5153326 -16.3869648 -71.5156764 -16.3873634 -71.5157246 -16.3874212
-71.5157246 -16.3874212 -71.5163944 -16.3869077
-71.5157246 -16.3874212 -71.5156663 -16.3874685
-71.5157246 -16.3874212 -71.5157765 -16.387479 -71.5161432 -16.3879074 -71.5162067 -16.3879816
-71.5162067 -16.3879816 -71.5161389 -16.3880266
-71.5162067 -16.3879816 -71.5162368 -16.3879618 -71.5173354 -16.387237
-71.5162067 -16.3879816 -71.5162657 -16.3880505 -71.5165975 -16.3884381 -71.516655 -16.3885035
-71.516655 -16.3885035 -71.5165914 -16.3885458
-71.516655 -16.3885035 -71.5167146 -16.3885781 -71.5170928 -16.3890433
-71.516655 -16.3885035 -71.5166904 -16.38848 -71.5176939 -16.3878124 -71.517738 -16.3877831
-71.5170928 -16.3890433 -71.5170371 -16.3890803
-71.5170928 -16.3890433 -71.5171242 -16.3890231 -71.5179872 -16.388458 -71.5180287 -16.3884281
-71.5170928 -16.3890433 -71.517142 -16.3891039 -71.5174878 -16.3895296 -71.5175356 -16.3895885
-71.5175356 -16.3895885 -71.517492 -16.3896209
-71.5175356 -16.3895885 -71.5175693 -16.3895656 -71.518193 -16.3891411 -71.5182431 -16.389107
-71.5175356 -16.3895885 -71.5175797 -16.3896404 -71.5179564 -16.3900837 -71.5180096 -16.3901464
-71.5180096 -16.3901464 -71.5179574 -16.3901821
-71.5180096 -16.3901464 -71.5180425 -16.3901237 -71.5184742 -16.3898261 -71.5185256 -16.3897907
-71.5180096 -16.3901464 -71.5180444 -16.3901903 -71.5182569 -16.3904577 -71.5183234 -16.390543
-71.5183234 -16.390543 -71.5187873 -16.3910517
-71.5183234 -16.390543 -71.5182772 -16.3905741
-71.5183234 -16.390543 -71.5186104 -16.3903496 -71.5187467 -16.3902577 -71.518797 -16.3902238
-71.5192885 -16.3916369 -71.5192296 -16.3916816
-71.5192885 -16.3916369 -71.520363 -16.3908191
-71.5192885 -16.3916369 -71.5197275 -16.3921691
-71.5197275 -16.3921691 -71.5196699 -16.3922147
-71.5197275 -16.3921691 -71.520796 -16.3913264
-71.5197275 -16.3921691 -71.5201778 -16.3926875
-71.5201778 -16.3926875 -71.5212443 -16.3918515
-71.5201778 -16.3926875 -71.5201152 -16.3927365
-71.5201778 -16.3926875 -71.520619 -16.3932273
-71.520619 -16.3932273 -71.5205623 -16.3932724
-71.520619 -16.3932273 -71.5217387 -16.392372
-71.520619 -16.3932273 -71.5210534 -16.3937198
-71.5210534 -16.3937198 -71.5209896 -16.3937718
-71.5210534 -16.3937198 -71.5221507 -16.3928656
-71.5210534 -16.3937198 -71.5214616 -16.3941882 -71.5214881 -16.3942214
-71.5136262 -16.3807603 -71.5134258 -16.3808807
-71.5136262 -16.3807603 -71.513622 -16.3807387 -71.5136354 -16.3807097 -71.5136555 -16.3806827 -71.5138446 -16.3804344 -71.5139612 -16.3802218 -71.5139957 -16.3800838 -71.5139815 -16.3799571 -71.5139064 -16.379759 -71.5139001 -16.3797424 -71.513663 -16.3794363 -71.5134821 -16.3792086
-71.5222816 -16.3884488 -71.5214937 -16.3890619
-71.5283568 -16.3907381 -71.5282306 -16.3906318 -71.5282022 -16.3906078
-71.5117693 -16.39742 -71.5120213 -16.3986188
-71.5117693 -16.39742 -71.5112893 -16.3975177 -71.5112635 -16.3975397 -71.5112469 -16.3975686 -71.5112414 -16.3976013 -71.5112476 -16.3976338 -71.5114528 -16.3986553 -71.5114657 -16.3986798 -71.5114852 -16.3986998 -71.5115097 -16.3987139 -71.5115373 -16.398721 -71.5120213 -16.3986188
-71.5117693 -16.39742 -71.5115671 -16.3953788
-71.5115671 -16.3953788 -71.5122749 -16.3952536
-71.5115671 -16.3953788 -71.5114232 -16.3954274
-71.5115671 -16.3953788 -71.5117693 -16.39742
-71.5115671 -16.3953788 -71.5115225 -16.39495 -71.5109668 -16.3941828 -71.5109367 -16.3941413
-71.51328 -16.3930978 -71.5130319 -16.392759 -71.5129926 -16.3927054
-71.51328 -16.3930978 -71.5134391 -16.3933052 -71.5134669 -16.3933414
-71.51328 -16.3930978 -71.5119799 -16.3939772 -71.5119405 -16.3940038
-71.514036 -16.3941323 -71.5139224 -16.3939694
-71.514036 -16.3941323 -71.512699 -16.3950359
-71.514036 -16.3941323 -71.5141735 -16.3943251 -71.5141882 -16.3943326 -71.5142046 -16.3943351 -71.5142159 -16.394334 -71.5142383 -16.3943194 -71.5150432 -16.3937938 -71.5151056 -16.3937531
-71.5088765 -16.3942494 -71.50951 -16.3951223
-71.5088765 -16.3942494 -71.5085865 -16.3944511
-71.5088765 -16.3942494 -71.5091945 -16.3940548
-71.5088765 -16.3942494 -71.5083447 -16.3935362 -71.5080424 -16.3931308 -71.5080343 -16.3931143 -71.5080316 -16.3930963 -71.5080345 -16.3930782 -71.5080428 -16.3930618 -71.5080558 -16.3930485 -71.5091642 -16.392261
-71.5082823 -16.3946699 -71.5085865 -16.3944511
-71.5082823 -16.3946699 -71.5077337 -16.3939384 -71.5073907 -16.3934809 -71.507451 -16.3932674 -71.5076053 -16.3931581 -71.5080413 -16.3937327 -71.5085865 -16.3944511
-71.5082823 -16.3946699 -71.508143 -16.3947647 -71.5077621 -16.3945203 -71.5075282 -16.3942195
-71.5082823 -16.3946699 -71.5084754 -16.3949275 -71.5091184 -16.3951641
-71.5120213 -16.3986188 -71.5120369 -16.3986893
-71.5120213 -16.3986188 -71.5117693 -16.39742
-71.5120213 -16.3986188 -71.5115373 -16.398721 -71.5115097 -16.3987139 -71.5114852 -16.3986998 -71.5114657 -16.3986798 -71.5114528 -16.3986553 -71.5112476 -16.3976338 -71.5112414 -16.3976013 -71.5112469 -16.3975686 -71.5112635 -16.3975397 -71.5112893 -16.3975177 -71.5117693 -16.39742
-71.5091945 -16.3940548 -71.5097403 -16.3948332
-71.5091945 -16.3940548 -71.5088765 -16.3942494
-71.5091945 -16.3940548 -71.5094371 -16.3938538
-71.5091945 -16.3940548 -71.508552 -16.3932093 -71.5085423 -16.3931864 -71.5085398 -16.3931618 -71.5085444 -16.3931375 -71.508556 -16.3931154 -71.5093781 -16.3925505
-71.5085865 -16.3944511 -71.5091184 -16.3951641
-71.5085865 -16.3944511 -71.5082823 -16.3946699
-71.5085865 -16.3944511 -71.5080413 -16.3937327 -71.5076053 -16.3931581 -71.507451 -16.3932674 -71.5073907 -16.3934809 -71.5077337 -16.3939384 -71.5082823 -16.3946699
-71.5085865 -16.3944511 -71.5088765 -16.3942494
-71.5124811 -16.3947426 -71.5138247 -16.3938325
-71.5124811 -16.3947426 -71.512451 -16.3947017 -71.5122092 -16.3943726
-71.5124811 -16.3947426 -71.5125087 -16.3947797 -71.512699 -16.3950359
-71.5138247 -16.3938325 -71.5136989 -16.3936499
-71.5138247 -16.3938325 -71.5124811 -16.3947426
-71.5138247 -16.3938325 -71.5138874 -16.3939204 -71.5139224 -16.3939694
-71.5097416 -16.391883 -71.5091642 -16.392261
-71.5135481 -16.3934559 -71.5134669 -16.3933414
-71.5135481 -16.3934559 -71.5122092 -16.3943726
-71.5135481 -16.3934559 -71.5136638 -16.3936047 -71.5136989 -16.3936499
-71.5119405 -16.3940038 -71.5119799 -16.3939772 -71.51328 -16.3930978
-71.5119405 -16.3940038 -71.5119161 -16.3939705 -71.5117169 -16.3936983 -71.5116641 -16.3936261
-71.5119405 -16.3940038 -71.5119723 -16.3940475 -71.5121838 -16.3943379 -71.5122092 -16.3943726
-71.5116641 -16.3936261 -71.5121229 -16.3933061
-71.5116641 -16.3936261 -71.5114949 -16.3937434 -71.5114261 -16.3937911
-71.5116641 -16.3936261 -71.5117169 -16.3936983 -71.5119161 -16.3939705 -71.5119405 -16.3940038
-71.5122092 -16.3943726 -71.5135481 -16.3934559
-71.5122092 -16.3943726 -71.5121838 -16.3943379 -71.5119723 -16.3940475 -71.5119405 -16.3940038
-71.5122092 -16.3943726 -71.512451 -16.3947017 -71.5124811 -16.3947426
-71.512699 -16.3950359 -71.514036 -16.3941323
-71.512699 -16.3950359 -71.5123916 -16.395233 -71.5122749 -16.3952536
-71.512699 -16.3950359 -71.5125087 -16.3947797 -71.5124811 -16.3947426
-71.5114261 -16.3937911 -71.5114949 -16.3937434 -71.5116641 -16.3936261
-71.5114261 -16.3937911 -71.5114527 -16.3938571 -71.5114548 -16.3939213 -71.5114322 -16.3939818 -71.5114098 -16.3940062
-71.5111444 -16.3940079 -71.5109367 -16.3941413
-71.5111444 -16.3940079 -71.5111089 -16.393949 -71.5111002 -16.3938814 -71.5111196 -16.3938159 -71.511164 -16.3937629
-71.510636 -16.3943457 -71.5109367 -16.3941413
-71.510636 -16.3943457 -71.5103419 -16.3945455
-71.5113283 -16.3940592 -71.5112616 -16.3940652 -71.5111973 -16.3940473 -71.5111444 -16.3940079
-71.5075282 -16.3942195 -71.5077621 -16.3945203 -71.508143 -16.3947647 -71.5082823 -16.3946699
-71.5107276 -16.3931747 -71.5116123 -16.392593
-71.5107276 -16.3931747 -71.5110009 -16.393543
-71.5107276 -16.3931747 -71.5106471 -16.3930675 -71.5105594 -16.3929432 -71.5105006 -16.3928902 -71.5104381 -16.3928496 -71.5102898 -16.3927858 -71.5101891 -16.3927718
-71.5096702 -16.3951579 -71.509953 -16.3948096
-71.5096702 -16.3951579 -71.5093902 -16.3954925
-71.5096702 -16.3951579 -71.5097174 -16.3952218 -71.5101799 -16.3958477
-71.5106166 -16.3956949 -71.5110888 -16.3955405
-71.5106166 -16.3956949 -71.5101799 -16.3958477
-71.5106166 -16.3956949 -71.509953 -16.3948096
-71.509953 -16.3948096 -71.5106166 -16.3956949
-71.509953 -16.3948096 -71.5101241 -16.3946936
-71.509953 -16.3948096 -71.5096702 -16.3951579
-71.5114232 -16.3954274 -71.5115671 -16.3953788
-71.5114232 -16.3954274 -71.5110888 -16.3955405
-71.5114232 -16.3954274 -71.510636 -16.3943457
-71.5109367 -16.3941413 -71.5111444 -16.3940079
-71.5109367 -16.3941413 -71.510636 -16.3943457
-71.5109367 -16.3941413 -71.5109668 -16.3941828 -71.5115225 -16.39495 -71.5115671 -16.3953788
-71.5093902 -16.3954925 -71.5096702 -16.3951579
-71.5093902 -16.3954925 -71.5093711 -16.3955136 -71.5093138 -16.395572 -71.5091623 -16.3957213 -71.5091202 -16.3957628
-71.5093902 -16.3954925 -71.5094455 -16.3955479 -71.5098113 -16.3959844 -71.5101799 -16.3958477
-71.5101799 -16.3958477 -71.5106166 -16.3956949
-71.5101799 -16.3958477 -71.5098113 -16.3959844 -71.5094455 -16.3955479 -71.5093902 -16.3954925
-71.5101799 -16.3958477 -71.5097174 -16.3952218 -71.5096702 -16.3951579
-71.50951 -16.3951223 -71.5088765 -16.3942494
-71.50951 -16.3951223 -71.5097403 -16.3948332
-71.50951 -16.3951223 -71.5092974 -16.3953846 -71.5091184 -16.3951641
-71.5103419 -16.3945455 -71.5110888 -16.3955405
-71.5103419 -16.3945455 -71.510636 -16.3943457
-71.5103419 -16.3945455 -71.5101241 -16.3946936
-71.5094371 -16.3938538 -71.5091945 -16.3940548
-71.5094371 -16.3938538 -71.5099839 -16.3945094
-71.5094371 -16.3938538 -71.5093258 -16.3936493 -71.5092952 -16.3934581 -71.5093255 -16.393318 -71.5093634 -16.3931849 -71.5094509 -16.3930478 -71.5096235 -16.3928902
-71.5094371 -16.3938538 -71.5090423 -16.3932674 -71.5096235 -16.3928902
-71.5097403 -16.3948332 -71.5091945 -16.3940548
-71.5097403 -16.3948332 -71.50951 -16.3951223
-71.5097403 -16.3948332 -71.5099839 -16.3945094
-71.511164 -16.3937629 -71.5110009 -16.393543
-71.511164 -16.3937629 -71.5112294 -16.3937297 -71.5113032 -16.3937248 -71.5113728 -16.393749 -71.5114261 -16.3937911
-71.5096235 -16.3928902 -71.5093781 -16.3925505
-71.5096235 -16.3928902 -71.5097429 -16.3928233 -71.5098702 -16.3927821
-71.5096235 -16.3928902 -71.5094509 -16.3930478 -71.5093634 -16.3931849 -71.5093255 -16.393318 -71.5092952 -16.3934581 -71.5093258 -16.3936493 -71.5094371 -16.3938538
-71.5096235 -16.3928902 -71.5090423 -16.3932674 -71.5094371 -16.3938538
-71.5110888 -16.3955405 -71.5114232 -16.3954274
-71.5110888 -16.3955405 -71.5106166 -16.3956949
-71.5110888 -16.3955405 -71.5103419 -16.3945455
-71.5135674 -16.3995625 -71.5135807 -16.3996598
-71.5135674 -16.3995625 -71.514395 -16.3995241
-71.5144123 -16.3996228 -71.514395 -16.3995241
-71.5144123 -16.3996228 -71.5142401 -16.3996295
-71.5249449 -16.3969229 -71.524487 -16.3971796 -71.5244429 -16.3971935 -71.5241566 -16.3972471 -71.5240711 -16.397277 -71.5239501 -16.3973339 -71.5234347 -16.3976957
-71.5220514 -16.394911 -71.5224922 -16.39541
-71.5220514 -16.394911 -71.5210694 -16.3956586 -71.5210108 -16.3957032
-71.5220514 -16.394911 -71.5221266 -16.3948512 -71.5225816 -16.3944981 -71.5230124 -16.3941772 -71.5230797 -16.3941271
-71.5220514 -16.394911 -71.5219634 -16.3948111 -71.5215922 -16.3943896 -71.5215636 -16.3943572
-71.5101241 -16.3946936 -71.5103419 -16.3945455
-71.5101241 -16.3946936 -71.509953 -16.3948096
-71.5101241 -16.3946936 -71.5100858 -16.3946359 -71.5100191 -16.3945531 -71.5099839 -16.3945094
-71.5278062 -16.3912242 -71.5263445 -16.3905448 -71.5262665 -16.3905047
-71.5278062 -16.3912242 -71.5278537 -16.3911154 -71.5278764 -16.3910725
-71.5278062 -16.3912242 -71.5277663 -16.3913203 -71.5276785 -16.3915356 -71.5274523 -16.3920905
-71.5113645 -16.3910668 -71.5111582 -16.3914019 -71.5106529 -16.392081 -71.5103399 -16.392554 -71.5101891 -16.3927718
-71.5113645 -16.3910668 -71.511414 -16.3908172 -71.5114323 -16.390518
-71.5120398 -16.3914282 -71.5121386 -16.3915487
-71.5120398 -16.3914282 -71.5113645 -16.3910668
-71.5120398 -16.3914282 -71.5118839 -16.3911725 -71.5117137 -16.3908317 -71.511709 -16.3908043 -71.5117127 -16.3907766 -71.5117245 -16.3907512 -71.5117434 -16.3907301 -71.5117678 -16.390715 -71.5118962 -16.3906307 -71.5119435 -16.3905464 -71.512001 -16.3904946 -71.512594 -16.3902604
-71.5221507 -16.3928656 -71.5210534 -16.3937198
-71.5221507 -16.3928656 -71.5230021 -16.392189
-71.5221507 -16.3928656 -71.5217387 -16.392372
-71.5221507 -16.3928656 -71.5225337 -16.3933541 -71.5225677 -16.3933973
-71.5217387 -16.392372 -71.520619 -16.3932273
-71.5217387 -16.392372 -71.522588 -16.3916914
-71.5217387 -16.392372 -71.5221507 -16.3928656
-71.5217387 -16.392372 -71.5216355 -16.3923073 -71.5212443 -16.3918515
-71.5212443 -16.3918515 -71.5213177 -16.3917938
-71.5212443 -16.3918515 -71.5201778 -16.3926875
-71.5212443 -16.3918515 -71.520796 -16.3913264
-71.520796 -16.3913264 -71.5197275 -16.3921691
-71.520796 -16.3913264 -71.520866 -16.3912695
-71.520796 -16.3913264 -71.520363 -16.3908191
-71.520363 -16.3908191 -71.5192885 -16.3916369
-71.520363 -16.3908191 -71.5204308 -16.3907643
-71.520363 -16.3908191 -71.5198881 -16.3902629
-71.5198881 -16.3902629 -71.5199553 -16.3902123
-71.5198881 -16.3902629 -71.5194685 -16.3897714
-71.5198881 -16.3902629 -71.5190242 -16.390882 -71.5187873 -16.3910517
-71.5194685 -16.3897714 -71.5195361 -16.3897258
-71.5194685 -16.3897714 -71.5190164 -16.390076 -71.5189692 -16.3901078
-71.5230797 -16.3941271 -71.5233615 -16.393933
-71.5230797 -16.3941271 -71.5235026 -16.394755
-71.5230797 -16.3941271 -71.5230124 -16.3941772 -71.5225816 -16.3944981 -71.5221266 -16.3948512 -71.5220514 -16.394911
-71.5230797 -16.3941271 -71.5229551 -16.3939495 -71.5226413 -16.3935022 -71.5226158 -16.393466 -71.5225962 -16.3934381
-71.5195361 -16.3897258 -71.5199553 -16.3902123
-71.5195361 -16.3897258 -71.5199032 -16.3894784
-71.5195361 -16.3897258 -71.5194685 -16.3897714
-71.5241527 -16.3949638 -71.5237678 -16.3944623
-71.490178 -16.3759167 -71.489793 -16.3767472
-71.490178 -16.3759167 -71.4914886 -16.3764988
-71.490178 -16.3759167 -71.4888854 -16.3753502
-71.4885153 -16.3761711 -71.489793 -16.3767472
-71.4885153 -16.3761711 -71.4888854 -16.3753502
-71.4885153 -16.3761711 -71.4882358 -16.3760495 -71.4879748 -16.375922 -71.4878498 -16.375849
-71.4914886 -16.3764988 -71.490178 -16.3759167
-71.4914886 -16.3764988 -71.4924164 -16.3769109
-71.4914886 -16.3764988 -71.4917772 -16.3764605 -71.4919238 -16.3764346 -71.4920059 -16.3764183 -71.4920881 -16.3763918 -71.4921668 -16.3763528 -71.4922385 -16.3763035 -71.4923889 -16.3762254 -71.4925906 -16.3761507 -71.4928118 -16.3760947 -71.4929381 -16.376022
-71.4914886 -16.3764988 -71.491311 -16.3769337 -71.4911014 -16.3773146
-71.489793 -16.3767472 -71.4885153 -16.3761711
-71.489793 -16.3767472 -71.4911014 -16.3773146
-71.489793 -16.3767472 -71.490178 -16.3759167
-71.489793 -16.3767472 -71.4895762 -16.3771531 -71.4894651 -16.3773664 -71.4893809 -16.3775848
-71.4924164 -16.3769109 -71.4920328 -16.3777233
-71.4924164 -16.3769109 -71.4914886 -16.3764988
-71.4924164 -16.3769109 -71.4929926 -16.3771646
-71.4882639 -16.377071 -71.4893809 -16.3775848
-71.4911014 -16.3773146 -71.489793 -16.3767472
-71.4911014 -16.3773146 -71.4920328 -16.3777233
-71.4911014 -16.3773146 -71.491311 -16.3769337 -71.4914886 -16.3764988
-71.4911014 -16.3773146 -71.4909014 -16.3777276 -71.4906693 -16.3781612
-71.4893809 -16.3775848 -71.4882639 -16.377071
-71.4893809 -16.3775848 -71.4891785 -16.3780451
-71.4893809 -16.3775848 -71.4900304 -16.3778717 -71.4906693 -16.3781612
-71.4893809 -16.3775848 -71.4894651 -16.3773664 -71.4895762 -16.3771531 -71.489793 -16.3767472
-71.4920328 -16.3777233 -71.4911014 -16.3773146
-71.4920328 -16.3777233 -71.4919047 -16.377983
-71.4920328 -16.3777233 -71.4924164 -16.3769109
-71.4891785 -16.3780451 -71.4903411 -16.3785647
-71.4891785 -16.3780451 -71.4893809 -16.3775848
-71.4891785 -16.3780451 -71.4887803 -16.3779083 -71.4885652 -16.3777974 -71.4884696 -16.377724 -71.4884071 -16.377695 -71.4883446 -16.3776969 -71.4883002 -16.37773 -71.4882798 -16.3778146 -71.4882662 -16.3778683 -71.4882258 -16.3779169 -71.4881961 -16.3779732 -71.4881771 -16.3780295 -71.4881474 -16.3780833
-71.4891785 -16.3780451 -71.4889258 -16.3785831 -71.4888393 -16.3791209
-71.4906693 -16.3781612 -71.4916066 -16.3785491
-71.4906693 -16.3781612 -71.4904025 -16.3785919
-71.4906693 -16.3781612 -71.4900304 -16.3778717 -71.4893809 -16.3775848
-71.4906693 -16.3781612 -71.4909014 -16.3777276 -71.4911014 -16.3773146
-71.4916066 -16.3785491 -71.4906693 -16.3781612
-71.4916066 -16.3785491 -71.4919047 -16.377983
-71.4916066 -16.3785491 -71.4917188 -16.378739 -71.4917498 -16.3788401 -71.4917552 -16.379362
-71.4904025 -16.3785919 -71.4903411 -16.3785647
-71.4904025 -16.3785919 -71.4906693 -16.3781612
-71.4904025 -16.3785919 -71.4915211 -16.3791596 -71.4917552 -16.379362
-71.4903411 -16.3785647 -71.4904025 -16.3785919
-71.4903411 -16.3785647 -71.4891785 -16.3780451
-71.4903411 -16.3785647 -71.4900582 -16.3789553 -71.4900246 -16.3790711 -71.490036 -16.3791715 -71.4900635 -16.3792217 -71.4901339 -16.3792834 -71.490406 -16.3793469 -71.4904665 -16.3794108
-71.4888393 -16.3791209 -71.4888721 -16.3791466 -71.4889417 -16.3792586 -71.4890794 -16.3793525 -71.4893867 -16.3793811 -71.4898671 -16.3795271
-71.4888393 -16.3791209 -71.4889258 -16.3785831 -71.4891785 -16.3780451
-71.4888393 -16.3791209 -71.4888364 -16.3792095 -71.4889115 -16.3794025 -71.4889866 -16.379544 -71.4891958 -16.3797602 -71.4893702 -16.3799763 -71.4894263 -16.3800704
-71.4917552 -16.379362 -71.4917657 -16.3795697
-71.4917552 -16.379362 -71.4922307 -16.3793388
-71.4917552 -16.379362 -71.4917498 -16.3788401 -71.4917188 -16.378739 -71.4916066 -16.3785491
-71.4917552 -16.379362 -71.4915211 -16.3791596 -71.4904025 -16.3785919
-71.4904665 -16.3794108 -71.4905553 -16.3798328
-71.4904665 -16.3794108 -71.4898671 -16.3795271
-71.4904665 -16.3794108 -71.490406 -16.3793469 -71.4901339 -16.3792834 -71.4900635 -16.3792217 -71.490036 -16.3791715 -71.4900246 -16.3790711 -71.4900582 -16.3789553 -71.4903411 -16.3785647
-71.4898671 -16.3795271 -71.4899694 -16.3799584
-71.4898671 -16.3795271 -71.4895501 -16.3795938
-71.4898671 -16.3795271 -71.4904665 -16.3794108
-71.4898671 -16.3795271 -71.4893867 -16.3793811 -71.4890794 -16.3793525 -71.4889417 -16.3792586 -71.4888721 -16.3791466 -71.4888393 -16.3791209
-71.4917657 -16.3795697 -71.4917552 -16.379362
-71.4917657 -16.3795697 -71.4910257 -16.3797306
-71.4917657 -16.3795697 -71.4917516 -16.3798069 -71.4922498 -16.3798027
-71.4910257 -16.3797306 -71.4911215 -16.3801715
-71.4910257 -16.3797306 -71.4905553 -16.3798328
-71.4910257 -16.3797306 -71.4917657 -16.3795697
-71.4905553 -16.3798328 -71.4904665 -16.3794108
-71.4905553 -16.3798328 -71.4899694 -16.3799584
-71.4905553 -16.3798328 -71.4906606 -16.380275
-71.4905553 -16.3798328 -71.4910257 -16.3797306
-71.4899694 -16.3799584 -71.4894263 -16.3800704
-71.4899694 -16.3799584 -71.4905553 -16.3798328
-71.4899694 -16.3799584 -71.4898671 -16.3795271
-71.4899694 -16.3799584 -71.4900838 -16.3804119 -71.4906606 -16.380275
-71.4911215 -16.3801715 -71.4912145 -16.3806008
-71.4911215 -16.3801715 -71.4910257 -16.3797306
-71.4911215 -16.3801715 -71.4906606 -16.380275
-71.4911215 -16.3801715 -71.4916608 -16.3800612 -71.4917157 -16.380496
-71.4906606 -16.380275 -71.4907616 -16.3806988
-71.4906606 -16.380275 -71.4905553 -16.3798328
-71.4906606 -16.380275 -71.4911215 -16.3801715
-71.4906606 -16.380275 -71.4900838 -16.3804119 -71.4899694 -16.3799584
-71.4912145 -16.3806008 -71.4913105 -16.3810435
-71.4912145 -16.3806008 -71.4911215 -16.3801715
-71.4912145 -16.3806008 -71.4907616 -16.3806988
-71.4912145 -16.3806008 -71.4917157 -16.380496
-71.49087 -16.3811535 -71.4907616 -16.3806988
-71.49087 -16.3811535 -71.4907026 -16.3811935
-71.49087 -16.3811535 -71.4913105 -16.3810435
-71.4913105 -16.3810435 -71.4912145 -16.3806008
-71.4913105 -16.3810435 -71.49087 -16.3811535
-71.4913105 -16.3810435 -71.4913845 -16.3810198 -71.4914301 -16.3809593 -71.4915977 -16.3808204 -71.49165 -16.3807355 -71.4917319 -16.3806235
-71.4894845 -16.3838983 -71.4893982 -16.3847583
-71.4894845 -16.3838983 -71.4896678 -16.3830489
-71.4894845 -16.3838983 -71.4882195 -16.3838234
-71.4894845 -16.3838983 -71.4902875 -16.3839628 -71.4905203 -16.3839502 -71.4907003 -16.3839819 -71.4912095 -16.3840853
-71.4912095 -16.3840853 -71.4912249 -16.3841001 -71.4912336 -16.3841252 -71.4912155 -16.3843371 -71.4911397 -16.3849222 -71.4902406 -16.3848324
-71.4912095 -16.3840853 -71.4907003 -16.3839819 -71.4905203 -16.3839502 -71.4902875 -16.3839628 -71.4894845 -16.3838983
-71.4912095 -16.3840853 -71.4913174 -16.384148 -71.4914292 -16.3841714 -71.4915024 -16.3841363 -71.4915878 -16.3840486 -71.4916589 -16.3839238 -71.4916935 -16.3838906 -71.4917138 -16.3838223 -71.4917544 -16.3837034 -71.4918195 -16.3835571 -71.4918784 -16.383446 -71.4918673 -16.3833808 -71.4917732 -16.3833017
-71.4893982 -16.3847583 -71.4894845 -16.3838983
-71.4893982 -16.3847583 -71.4902406 -16.3848324
-71.4893982 -16.3847583 -71.4876924 -16.3846019
-71.4893982 -16.3847583 -71.489338 -16.3849788 -71.489047 -16.3854606
-71.489047 -16.3854606 -71.4890287 -16.3854937
-71.489047 -16.3854606 -71.489338 -16.3849788 -71.4893982 -16.3847583
-71.502833 -16.3730223 -71.5033484 -16.373401
-71.502833 -16.3730223 -71.503288 -16.3724956
-71.502833 -16.3730223 -71.5027789 -16.3730833
-71.5044402 -16.3741765 -71.5043924 -16.3742286
-71.5044402 -16.3741765 -71.5048822 -16.3736939
-71.5044402 -16.3741765 -71.5047672 -16.3744172 -71.5049806 -16.3745726
-71.5049806 -16.3745726 -71.5049305 -16.3746219
-71.5049806 -16.3745726 -71.5054454 -16.3741025
-71.5049806 -16.3745726 -71.5052572 -16.3747689
-71.5066329 -16.3757432 -71.5071735 -16.3761335
-71.5066329 -16.3757432 -71.5065785 -16.3758001
-71.5066329 -16.3757432 -71.5070586 -16.3752653
-71.50773 -16.3765353 -71.5076807 -16.3765858
-71.50773 -16.3765353 -71.5081871 -16.3760788
-71.50773 -16.3765353 -71.5080813 -16.3767896
-71.5082774 -16.3769316 -71.5087541 -16.3774065
-71.5082774 -16.3769316 -71.5082258 -16.3769884
-71.5082774 -16.3769316 -71.508714 -16.3764587
-71.5087541 -16.3774065 -71.5092065 -16.3778718
-71.5087541 -16.3774065 -71.5092354 -16.3769796
-71.5087541 -16.3774065 -71.5086928 -16.3774598
-71.5092065 -16.3778718 -71.5091493 -16.3779213
-71.5092065 -16.3778718 -71.5095219 -16.3781798
-71.5092065 -16.3778718 -71.509701 -16.3774447
-71.5095219 -16.3781798 -71.5098391 -16.3785028
-71.5095219 -16.3781798 -71.5094571 -16.3782301
-71.5095219 -16.3781798 -71.5105416 -16.3773739
-71.5098391 -16.3785028 -71.5101632 -16.3788465
-71.5098391 -16.3785028 -71.5097824 -16.3785531
-71.5098391 -16.3785028 -71.510849 -16.3777224
-71.5101632 -16.3788465 -71.5103228 -16.3790169
-71.5101632 -16.3788465 -71.5101008 -16.378893
-71.5101632 -16.3788465 -71.5111747 -16.3780918
-71.5103228 -16.3790169 -71.5106457 -16.3793536
-71.5103228 -16.3790169 -71.5102641 -16.3790634
-71.5106457 -16.3793536 -71.5116172 -16.3785936
-71.5106457 -16.3793536 -71.5105912 -16.3793964
-71.5106457 -16.3793536 -71.5111189 -16.3798456
-71.5111189 -16.3798456 -71.5110581 -16.3798923
-71.5111189 -16.3798456 -71.5115945 -16.3794666
-71.5111189 -16.3798456 -71.5114633 -16.3802335
-71.5095819 -16.3801701 -71.5095259 -16.3802134
-71.5095819 -16.3801701 -71.5100217 -16.3806912
-71.5095819 -16.3801701 -71.5099523 -16.3798756 -71.5105912 -16.3793964
-71.5116178 -16.3804172 -71.5115506 -16.3804637
-71.5116178 -16.3804172 -71.5121102 -16.3810106
-71.5100217 -16.3806912 -71.5099646 -16.3807355
-71.5100217 -16.3806912 -71.5110581 -16.3798923
-71.5100217 -16.3806912 -71.5104656 -16.3812146
-71.5121102 -16.3810106 -71.5120388 -16.3810514
-71.5121102 -16.3810106 -71.5125355 -16.3814994
-71.5121102 -16.3810106 -71.5125025 -16.3807524 -71.5131255 -16.3803423 -71.5133632 -16.3807396
-71.5104656 -16.3812146 -71.5104116 -16.3812639
-71.5104656 -16.3812146 -71.5115506 -16.3804637
-71.5104656 -16.3812146 -71.5109185 -16.3817565
-71.5125355 -16.3814994 -71.5134258 -16.3808807
-71.5125355 -16.3814994 -71.5124598 -16.3815525
-71.5125355 -16.3814994 -71.5129506 -16.3819963
-71.5113628 -16.3822856 -71.5113099 -16.3823221
-71.5113628 -16.3822856 -71.5124598 -16.3815525
-71.5113628 -16.3822856 -71.5118197 -16.3828179
-71.5134108 -16.3825682 -71.5133485 -16.3826098
-71.5134108 -16.3825682 -71.5140315 -16.382135
-71.5134108 -16.3825682 -71.5138782 -16.3830953
-71.5118197 -16.3828179 -71.5128784 -16.3820507
-71.5118197 -16.3828179 -71.5117734 -16.3828491
-71.5118197 -16.3828179 -71.5122788 -16.3833243
-71.5138782 -16.3830953 -71.5138021 -16.3831497
-71.5138782 -16.3830953 -71.5146082 -16.382578
-71.5138782 -16.3830953 -71.5139986 -16.3832338
-71.5122788 -16.3833243 -71.5122292 -16.3833573
-71.5122788 -16.3833243 -71.5133485 -16.3826098
-71.5122788 -16.3833243 -71.5127075 -16.3838649
-71.5127075 -16.3838649 -71.5126617 -16.3838973
-71.5127075 -16.3838649 -71.5138021 -16.3831497
-71.5127075 -16.3838649 -71.5131492 -16.3843812
-71.514748 -16.3841164 -71.5146881 -16.3841549
-71.514748 -16.3841164 -71.5155781 -16.3835669
-71.514748 -16.3841164 -71.5150873 -16.3845142
-71.5151773 -16.3846197 -71.5159594 -16.3841007
-71.5151773 -16.3846197 -71.5151222 -16.3846574
-71.5151773 -16.3846197 -71.515331 -16.3847994
-71.5155202 -16.3850204 -71.5154594 -16.3850644
-71.5155202 -16.3850204 -71.5158743 -16.3847377
-71.5093781 -16.3925505 -71.5096235 -16.3928902
-71.5093781 -16.3925505 -71.5091642 -16.392261
-71.5093781 -16.3925505 -71.508556 -16.3931154 -71.5085444 -16.3931375 -71.5085398 -16.3931618 -71.5085423 -16.3931864 -71.508552 -16.3932093 -71.5091945 -16.3940548
-71.5093781 -16.3925505 -71.5100849 -16.3920683 -71.5101836 -16.3920344 -71.5102387 -16.3920416 -71.5102804 -16.3920761 -71.5103258 -16.3921206
-71.5091642 -16.392261 -71.5093781 -16.3925505
-71.5091642 -16.392261 -71.5097416 -16.391883
-71.5091642 -16.392261 -71.5089265 -16.3918985 -71.5091296 -16.3917672
-71.5091642 -16.392261 -71.5080558 -16.3930485 -71.5080428 -16.3930618 -71.5080345 -16.3930782 -71.5080316 -16.3930963 -71.5080343 -16.3931143 -71.5080424 -16.3931308 -71.5083447 -16.3935362 -71.5088765 -16.3942494
-71.5121229 -16.3933061 -71.5129926 -16.3927054
-71.5121229 -16.3933061 -71.5116641 -16.3936261
-71.5121229 -16.3933061 -71.5118781 -16.3929676
-71.5118781 -16.3929676 -71.5116123 -16.392593
-71.5118781 -16.3929676 -71.5121229 -16.3933061
-71.5118781 -16.3929676 -71.5127456 -16.3923649
-71.5118781 -16.3929676 -71.5110976 -16.3934826 -71.5110009 -16.393543
-71.5116123 -16.392593 -71.5118781 -16.3929676
-71.5116123 -16.392593 -71.5124739 -16.3919883
-71.5116123 -16.392593 -71.5107276 -16.3931747
-71.5116123 -16.392593 -71.5115254 -16.3924792 -71.5113664 -16.3922621 -71.51136 -16.3922376 -71.5113728 -16.392211 -71.5122184 -16.3916579
-71.5110009 -16.393543 -71.511164 -16.3937629
-71.5110009 -16.393543 -71.5107276 -16.3931747
-71.5110009 -16.393543 -71.5110976 -16.3934826 -71.5118781 -16.3929676
-71.5127456 -16.3923649 -71.5126642 -16.3922472
-71.5127456 -16.3923649 -71.5118781 -16.3929676
-71.5127456 -16.3923649 -71.5129535 -16.3926514 -71.5129926 -16.3927054
-71.5124739 -16.3919883 -71.5126642 -16.3922472
-71.5124739 -16.3919883 -71.5124023 -16.391882
-71.5124739 -16.3919883 -71.5116123 -16.392593
-71.5122184 -16.3916579 -71.5124023 -16.391882
-71.5122184 -16.3916579 -71.5121386 -16.3915487
-71.5122184 -16.3916579 -71.5113728 -16.392211 -71.51136 -16.3922376 -71.5113664 -16.3922621 -71.5115254 -16.3924792 -71.5116123 -16.392593
-71.5098702 -16.3927821 -71.5099521 -16.3927603 -71.5101116 -16.3927605 -71.5101891 -16.3927718
-71.5098702 -16.3927821 -71.5097429 -16.3928233 -71.5096235 -16.3928902
-71.5098702 -16.3927821 -71.5099092 -16.3926837 -71.5100589 -16.3924777 -71.5103258 -16.3921206
-71.5109185 -16.3817565 -71.5120388 -16.3810514
-71.5109185 -16.3817565 -71.5108618 -16.3817908
-71.5109185 -16.3817565 -71.5113628 -16.3822856
-71.5203108 -16.3951597 -71.5203753 -16.3952114
-71.5203108 -16.3951597 -71.5213284 -16.3943316 -71.5213648 -16.3943025 -71.5214251 -16.3942626
-71.5203108 -16.3951597 -71.5202759 -16.3951286 -71.5200843 -16.3949036 -71.5198837 -16.3946573
-71.5225677 -16.3933973 -71.5234521 -16.3926912
-71.5225677 -16.3933973 -71.5225962 -16.3934381
-71.5225677 -16.3933973 -71.5225337 -16.3933541 -71.5221507 -16.3928656
-71.5164684 -16.3972745 -71.5163678 -16.3973437
-71.5164684 -16.3972745 -71.5172377 -16.3967376
-71.5164684 -16.3972745 -71.5167994 -16.3977086 -71.5168235 -16.3977428
-71.5168235 -16.3977428 -71.5168619 -16.3977931
-71.5168235 -16.3977428 -71.5168856 -16.3976993 -71.5174433 -16.3973056 -71.5175515 -16.3972332
-71.5146287 -16.4017938 -71.5143644 -16.4015945 -71.5142151 -16.4014694
-71.5091184 -16.3951641 -71.5085865 -16.3944511
-71.5091184 -16.3951641 -71.5092974 -16.3953846 -71.50951 -16.3951223
-71.5091184 -16.3951641 -71.5084754 -16.3949275 -71.5082823 -16.3946699
-71.503941 -16.3811288 -71.5037017 -16.3811742 -71.5032495 -16.3812445
-71.503941 -16.3811288 -71.5041872 -16.3811615 -71.5046301 -16.3812258 -71.5048953 -16.3812392
-71.5078564 -16.3820907 -71.5075264 -16.3821994
-71.5078564 -16.3820907 -71.5079526 -16.3822583
-71.5078564 -16.3820907 -71.5080288 -16.38202 -71.5081321 -16.3819354
-71.5079526 -16.3822583 -71.5079104 -16.3822952
-71.5079526 -16.3822583 -71.5080831 -16.3821498
-71.5079526 -16.3822583 -71.5078564 -16.3820907
-71.5099584 -16.383851 -71.5100277 -16.3838233 -71.5101786 -16.3837704 -71.5104167 -16.3836961
-71.5099584 -16.383851 -71.5099684 -16.3838702 -71.5099713 -16.3838916 -71.5099665 -16.3839126 -71.5099547 -16.3839309 -71.5099372 -16.3839443
-71.5098407 -16.3838732 -71.5098167 -16.3838687
-71.5098407 -16.3838732 -71.5098492 -16.3838544 -71.5098634 -16.3838393 -71.5098819 -16.3838291 -71.5099028 -16.3838253 -71.509924 -16.3838278 -71.5099431 -16.3838368 -71.5099584 -16.383851
-71.4957408 -16.3725229 -71.495665 -16.372454
-71.4957408 -16.3725229 -71.4958182 -16.3725109 -71.4958775 -16.3725312 -71.4963366 -16.3729181
-71.4957408 -16.3725229 -71.4956445 -16.3726036 -71.4954853 -16.372705
-71.4951955 -16.3729514 -71.4951449 -16.3730592
-71.4951955 -16.3729514 -71.4953511 -16.3727757
-71.4951955 -16.3729514 -71.49596 -16.3736995 -71.496163 -16.3738948
-71.4951051 -16.373421 -71.4953834 -16.3736622
-71.4951051 -16.373421 -71.494952 -16.3737678
-71.4951051 -16.373421 -71.4951449 -16.3730592
-71.4942575 -16.3740309 -71.494293 -16.3739426
-71.4942575 -16.3740309 -71.4940996 -16.3737127 -71.4939521 -16.3735705 -71.493713 -16.3734339 -71.4936578 -16.3733034 -71.493554 -16.3730581 -71.4934669 -16.3729457 -71.4931988 -16.3727719
-71.4942575 -16.3740309 -71.494456 -16.3742419 -71.4945753 -16.3743063 -71.4946692 -16.374305 -71.4947416 -16.3742445
-71.4947416 -16.3742445 -71.4951952 -16.3743632
-71.4947416 -16.3742445 -71.4947916 -16.3741239
-71.4947416 -16.3742445 -71.4946344 -16.3746065
-71.4947416 -16.3742445 -71.4946692 -16.374305 -71.4945753 -16.3743063 -71.494456 -16.3742419 -71.4942575 -16.3740309
-71.4970685 -16.3704268 -71.496855 -16.370222
-71.4970685 -16.3704268 -71.4973409 -16.3705467
-71.4970685 -16.3704268 -71.497087 -16.3705728 -71.4971554 -16.3707024 -71.4972428 -16.370858 -71.4972736 -16.370926 -71.4973444 -16.3709762 -71.4979144 -16.3712896
-71.4990573 -16.3703316 -71.4988164 -16.3705986
-71.4990573 -16.3703316 -71.4991767 -16.3703586 -71.4993468 -16.3704943
-71.4990573 -16.3703316 -71.498773 -16.3702467 -71.4984324 -16.3702017 -71.4981494 -16.370221 -71.4980326 -16.3701924 -71.4979774 -16.3701639 -71.4977923 -16.3700262 -71.4974825 -16.3696055 -71.4972505 -16.3693121 -71.4971097 -16.369159 -71.4967972 -16.3689351 -71.4963399 -16.3685066
-71.4993468 -16.3704943 -71.4991767 -16.3703586 -71.4990573 -16.3703316
-71.4993468 -16.3704943 -71.4994798 -16.3705972 -71.499658 -16.3707202 -71.5000081 -16.3709693
-71.4993468 -16.3704943 -71.4994588 -16.3704895 -71.4995635 -16.3704631 -71.4997762 -16.3703689 -71.4999848 -16.3703344
-71.5008059 -16.3760095 -71.5005073 -16.3758556
-71.5008059 -16.3760095 -71.5012742 -16.3762508 -71.5013053 -16.3762539 -71.5013281 -16.3762414 -71.5015349 -16.3758817
-71.5008059 -16.3760095 -71.5005624 -16.3763532 -71.5002699 -16.3761903
-71.4954853 -16.372705 -71.4960424 -16.3732131
-71.4954853 -16.372705 -71.4953511 -16.3727757
-71.4954853 -16.372705 -71.4956445 -16.3726036 -71.4957408 -16.3725229
-71.4953834 -16.3736622 -71.4951952 -16.3743632
-71.4953834 -16.3736622 -71.4951051 -16.373421
-71.4953834 -16.3736622 -71.4956931 -16.3739306
-71.496163 -16.3738948 -71.4964371 -16.3740256
-71.496163 -16.3738948 -71.496011 -16.3741692
-71.496163 -16.3738948 -71.49596 -16.3736995 -71.4951955 -16.3729514
-71.4956931 -16.3739306 -71.4955509 -16.3744563
-71.4956931 -16.3739306 -71.4953834 -16.3736622
-71.4956931 -16.3739306 -71.496011 -16.3741692
-71.496011 -16.3741692 -71.4959156 -16.3745369
-71.496011 -16.3741692 -71.496163 -16.3738948
-71.496011 -16.3741692 -71.4956931 -16.3739306
-71.4951952 -16.3743632 -71.4950848 -16.3747367
-71.4951952 -16.3743632 -71.4953834 -16.3736622
-71.4951952 -16.3743632 -71.4947416 -16.3742445
-71.4951952 -16.3743632 -71.4955509 -16.3744563
-71.4939081 -16.3743802 -71.4946344 -16.3746065
-71.4955509 -16.3744563 -71.4953489 -16.3751268
-71.4955509 -16.3744563 -71.4956931 -16.3739306
-71.4955509 -16.3744563 -71.4951952 -16.3743632
-71.4955509 -16.3744563 -71.4959156 -16.3745369
-71.4946344 -16.3746065 -71.4939081 -16.3743802
-71.4946344 -16.3746065 -71.4950848 -16.3747367
-71.4946344 -16.3746065 -71.4945603 -16.3749032
-71.4946344 -16.3746065 -71.4947416 -16.3742445
-71.4950848 -16.3747367 -71.4946344 -16.3746065
-71.4950848 -16.3747367 -71.4950039 -16.375029
-71.4950848 -16.3747367 -71.4951952 -16.3743632
-71.49401 -16.3747379 -71.4945603 -16.3749032
-71.4945603 -16.3749032 -71.49401 -16.3747379
-71.4945603 -16.3749032 -71.4950039 -16.375029
-71.4945603 -16.3749032 -71.4944606 -16.3751934
-71.4945603 -16.3749032 -71.4946344 -16.3746065
-71.4953489 -16.3751268 -71.4955509 -16.3744563
-71.4953489 -16.3751268 -71.4950039 -16.375029
-71.4953489 -16.3751268 -71.4957342 -16.375236 -71.4959156 -16.3745369
-71.4944606 -16.3751934 -71.4945603 -16.3749032
-71.4944606 -16.3751934 -71.4945777 -16.3752271 -71.4947964 -16.3752655
-71.4944606 -16.3751934 -71.4942511 -16.3751207 -71.4940926 -16.3750589 -71.4939581 -16.3750229
-71.4949784 -16.3722084 -71.4948511 -16.3725956
-71.4949784 -16.3722084 -71.495665 -16.372454
-71.4949784 -16.3722084 -71.4945787 -16.3720654 -71.494454 -16.3721105 -71.4939858 -16.3720352
-71.495665 -16.372454 -71.4949784 -16.3722084
-71.495665 -16.372454 -71.4957408 -16.3725229
-71.495665 -16.372454 -71.4957602 -16.3722195 -71.4957642 -16.3722005 -71.4957605 -16.3721786 -71.4957488 -16.3721574 -71.495521 -16.3720619
-71.4947436 -16.3725569 -71.4948511 -16.3725956
-71.4948511 -16.3725956 -71.4947436 -16.3725569
-71.4948511 -16.3725956 -71.4953511 -16.3727757
-71.4948511 -16.3725956 -71.4947222 -16.3729072
-71.4948511 -16.3725956 -71.4949784 -16.3722084
-71.4953511 -16.3727757 -71.4948511 -16.3725956
-71.4953511 -16.3727757 -71.4951955 -16.3729514
-71.4953511 -16.3727757 -71.4954853 -16.372705
-71.4947222 -16.3729072 -71.4951449 -16.3730592
-71.4947222 -16.3729072 -71.4948511 -16.3725956
-71.4947222 -16.3729072 -71.4945915 -16.3732233 -71.4944443 -16.3735793
-71.4951449 -16.3730592 -71.4947222 -16.3729072
-71.4951449 -16.3730592 -71.4951051 -16.373421
-71.4951449 -16.3730592 -71.4951955 -16.3729514
-71.4944443 -16.3735793 -71.4942085 -16.3734956
-71.4944443 -16.3735793 -71.494952 -16.3737678
-71.4944443 -16.3735793 -71.494293 -16.3739426
-71.4944443 -16.3735793 -71.4945915 -16.3732233 -71.4947222 -16.3729072
-71.494952 -16.3737678 -71.4944443 -16.3735793
-71.494952 -16.3737678 -71.4947916 -16.3741239
-71.494952 -16.3737678 -71.4951051 -16.373421
-71.4918786 -16.3697273 -71.4918376 -16.3700574
-71.4918376 -16.3700574 -71.4918786 -16.3697273
-71.4918376 -16.3700574 -71.4917744 -16.3705471
-71.4918376 -16.3700574 -71.4935784 -16.370217
-71.4918376 -16.3700574 -71.4913614 -16.37002 -71.4902257 -16.3699308 -71.4900682 -16.3698461
-71.4935784 -16.370217 -71.4918376 -16.3700574
-71.4935784 -16.370217 -71.4936133 -16.3702391 -71.4936251 -16.3702753 -71.493632 -16.3702839
-71.4935784 -16.370217 -71.4936441 -16.3701012 -71.493678 -16.3697228 -71.4936533 -16.3694272 -71.4935948 -16.36917 -71.4935825 -16.3690311 -71.4935825 -16.3688981
-71.493632 -16.3702839 -71.4935586 -16.3707081
-71.493632 -16.3702839 -71.4942463 -16.370419 -71.4941795 -16.3708128
-71.493632 -16.3702839 -71.4936251 -16.3702753 -71.4936133 -16.3702391 -71.4935784 -16.370217
-71.4917744 -16.3705471 -71.4918376 -16.3700574
-71.4917744 -16.3705471 -71.4916569 -16.371274
-71.4917744 -16.3705471 -71.4922507 -16.3706146
-71.4917744 -16.3705471 -71.490939 -16.3705158 -71.491136 -16.370816 -71.4911682 -16.3709138 -71.4911789 -16.3709961 -71.4911817 -16.3711879
-71.4922507 -16.3706146 -71.4921279 -16.3713594
-71.4922507 -16.3706146 -71.4917744 -16.3705471
-71.4922507 -16.3706146 -71.4928634 -16.3707015
-71.4928634 -16.3707015 -71.4922507 -16.3706146
-71.4935586 -16.3707081 -71.4941795 -16.3708128
-71.4935586 -16.3707081 -71.4934899 -16.3711299
-71.4935586 -16.3707081 -71.493632 -16.3702839
-71.4941795 -16.3708128 -71.4935586 -16.3707081
-71.4941795 -16.3708128 -71.4941168 -16.3712086
-71.4941795 -16.3708128 -71.4942463 -16.370419 -71.493632 -16.3702839
-71.4934899 -16.3711299 -71.4941168 -16.3712086
-71.4934899 -16.3711299 -71.4935586 -16.3707081
-71.4934899 -16.3711299 -71.4934222 -16.3715458
-71.4911817 -16.3711879 -71.4916569 -16.371274
-71.4911817 -16.3711879 -71.4911843 -16.371274 -71.4911843 -16.371341 -71.4912326 -16.371413 -71.4912916 -16.371459 -71.4913184 -16.3714799 -71.4915169 -16.371552 -71.4916188 -16.3715983 -71.4917757 -16.3717174
-71.4911817 -16.3711879 -71.4911789 -16.3709961 -71.4911682 -16.3709138 -71.491136 -16.370816 -71.490939 -16.3705158 -71.4917744 -16.3705471
-71.4941168 -16.3712086 -71.4934899 -16.3711299
-71.4941168 -16.3712086 -71.4941795 -16.3708128
-71.4941168 -16.3712086 -71.494049 -16.3716361
-71.4916569 -16.371274 -71.4917744 -16.3705471
-71.4916569 -16.371274 -71.4911817 -16.3711879
-71.4916569 -16.371274 -71.4921279 -16.3713594
-71.4921279 -16.3713594 -71.4922507 -16.3706146
-71.4921279 -16.3713594 -71.4920614 -16.3717631
-71.4921279 -16.3713594 -71.4916569 -16.371274
-71.4921279 -16.3713594 -71.4928081 -16.3714534
-71.4928081 -16.3714534 -71.4927205 -16.3718563
-71.4928081 -16.3714534 -71.4921279 -16.3713594
-71.4928081 -16.3714534 -71.4934222 -16.3715458
-71.4934222 -16.3715458 -71.4928081 -16.3714534
-71.4934222 -16.3715458 -71.494049 -16.3716361
-71.4934222 -16.3715458 -71.4934899 -16.3711299
-71.4934222 -16.3715458 -71.493357 -16.3719463
-71.494049 -16.3716361 -71.4934222 -16.3715458
-71.494049 -16.3716361 -71.4941168 -16.3712086
-71.494049 -16.3716361 -71.4939858 -16.3720352
-71.4920614 -16.3717631 -71.4921279 -16.3713594
-71.4920614 -16.3717631 -71.4917757 -16.3717174
-71.4920614 -16.3717631 -71.4927205 -16.3718563
-71.4927205 -16.3718563 -71.4920614 -16.3717631
-71.4927205 -16.3718563 -71.493357 -16.3719463
-71.4927205 -16.3718563 -71.4928081 -16.3714534
-71.4927205 -16.3718563 -71.4926283 -16.3722481 -71.4932908 -16.3723522
-71.493357 -16.3719463 -71.4927205 -16.3718563
-71.493357 -16.3719463 -71.4939858 -16.3720352
-71.493357 -16.3719463 -71.4934222 -16.3715458
-71.493357 -16.3719463 -71.4932908 -16.3723522
-71.4939858 -16.3720352 -71.493357 -16.3719463
-71.4939858 -16.3720352 -71.494049 -16.3716361
-71.4939858 -16.3720352 -71.493919 -16.3724562
-71.4939858 -16.3720352 -71.494454 -16.3721105 -71.4945787 -16.3720654 -71.4949784 -16.3722084
-71.4932908 -16.3723522 -71.493919 -16.3724562
-71.4932908 -16.3723522 -71.493357 -16.3719463
-71.4932908 -16.3723522 -71.4931988 -16.3727719
-71.4932908 -16.3723522 -71.4926283 -16.3722481 -71.4927205 -16.3718563
-71.493919 -16.3724562 -71.4932908 -16.3723522
-71.493919 -16.3724562 -71.4943928 -16.37254
-71.493919 -16.3724562 -71.4939858 -16.3720352
-71.493919 -16.3724562 -71.4938468 -16.3728854
-71.4931988 -16.3727719 -71.4938468 -16.3728854
-71.4931988 -16.3727719 -71.4932908 -16.3723522
-71.4931988 -16.3727719 -71.4934669 -16.3729457 -71.493554 -16.3730581 -71.4936578 -16.3733034 -71.493713 -16.3734339 -71.4939521 -16.3735705 -71.4940996 -16.3737127 -71.4942575 -16.3740309
-71.4938468 -16.3728854 -71.4931988 -16.3727719
-71.4938468 -16.3728854 -71.4944164 -16.372997
-71.4938468 -16.3728854 -71.493919 -16.3724562
-71.4944164 -16.372997 -71.4938468 -16.3728854
-71.4942085 -16.3734956 -71.4944443 -16.3735793
-71.4917757 -16.3717174 -71.4920614 -16.3717631
-71.4917757 -16.3717174 -71.4918978 -16.3718711 -71.4919675 -16.3719637 -71.4920104 -16.3720512 -71.4920372 -16.372113 -71.4921016 -16.3721902 -71.4922089 -16.3722725 -71.492343 -16.3723961 -71.4924329 -16.3724824 -71.4925039 -16.3725505 -71.4926649 -16.3727049 -71.4930288 -16.3730106
-71.4917757 -16.3717174 -71.4916188 -16.3715983 -71.4915169 -16.371552 -71.4913184 -16.3714799 -71.4912916 -16.371459 -71.4912326 -16.371413 -71.4911843 -16.371341 -71.4911843 -16.371274 -71.4911817 -16.3711879
-71.5119524 -16.3996507 -71.5119464 -16.3997266
-71.5119524 -16.3996507 -71.5135674 -16.3995625
-71.5119524 -16.3996507 -71.51202 -16.3994253 -71.5120364 -16.3993293 -71.5120902 -16.3990151 -71.5120369 -16.3986893
-71.5120369 -16.3986893 -71.5120213 -16.3986188
-71.5120369 -16.3986893 -71.5120902 -16.3990151 -71.5120364 -16.3993293 -71.51202 -16.3994253 -71.5119524 -16.3996507
-71.5120369 -16.3986893 -71.5124356 -16.3983035 -71.5124625 -16.3982113 -71.5122777 -16.3974272
-71.5122777 -16.3974272 -71.5124625 -16.3982113 -71.5124356 -16.3983035 -71.5120369 -16.3986893
-71.5081321 -16.3819354 -71.5081631 -16.3819706
-71.5081321 -16.3819354 -71.5080288 -16.38202 -71.5078564 -16.3820907
-71.5081321 -16.3819354 -71.5081758 -16.3818825 -71.5083456 -16.3817629
-71.5104167 -16.3836961 -71.5105616 -16.3836392
-71.5104167 -16.3836961 -71.5104225 -16.3837382 -71.5104188 -16.383752 -71.5104034 -16.3837649 -71.5102547 -16.3838327 -71.5102516 -16.38388 -71.5103194 -16.3842909
-71.5104167 -16.3836961 -71.5101786 -16.3837704 -71.5100277 -16.3838233 -71.5099584 -16.383851
-71.5079361 -16.3815932 -71.5078894 -16.3815764
-71.5079361 -16.3815932 -71.5083456 -16.3817629
-71.5079361 -16.3815932 -71.5079814 -16.3815317 -71.5080132 -16.3814784 -71.5080048 -16.3814473 -71.5079722 -16.3814311 -71.5073439 -16.3812859 -71.5070512 -16.3812451 -71.505948 -16.3811593 -71.5058615 -16.3811237 -71.5057251 -16.3809266 -71.5056286 -16.3807558
-71.5114323 -16.390518 -71.511414 -16.3908172 -71.5113645 -16.3910668
-71.5241367 -16.3921831 -71.5241641 -16.3922156
-71.5241367 -16.3921831 -71.5241156 -16.3921575 -71.5239567 -16.3919437 -71.5236965 -16.3916525
-71.5241367 -16.3921831 -71.5242714 -16.3920729 -71.5244401 -16.3919349
-71.5160117 -16.3983129 -71.5160431 -16.3983628
-71.5160117 -16.3983129 -71.5163765 -16.3980557 -71.5166785 -16.3978412 -71.5167354 -16.3978044
-71.5241081 -16.3933005 -71.5234934 -16.3927303
-71.5241081 -16.3933005 -71.5246043 -16.3927845
-71.5241081 -16.3933005 -71.524156 -16.393359
-71.5215636 -16.3943572 -71.5214807 -16.3943266
-71.5215636 -16.3943572 -71.5215922 -16.3943896 -71.5219634 -16.3948111 -71.5220514 -16.394911
-71.5159638 -16.3984185 -71.5159276 -16.3983684
-71.5160431 -16.3983628 -71.5164253 -16.3989344
-71.5160431 -16.3983628 -71.5159638 -16.3984185
-71.5175756 -16.3972904 -71.5175515 -16.3972332
-71.5175756 -16.3972904 -71.5176103 -16.3973531 -71.5179006 -16.3980321
-71.5175756 -16.3972904 -71.5169255 -16.3977486 -71.5168619 -16.3977931
-71.5185271 -16.3966196 -71.518947 -16.3972369
-71.5185271 -16.3966196 -71.5184867 -16.3965785
-71.5185271 -16.3966196 -71.5177447 -16.397175 -71.5175756 -16.3972904
-71.5196273 -16.3957663 -71.5195917 -16.3957105
-71.5196273 -16.3957663 -71.5200509 -16.3964143
-71.5196273 -16.3957663 -71.5185271 -16.3966196
-71.5203753 -16.3952114 -71.5196273 -16.3957663
-71.5203753 -16.3952114 -71.5203108 -16.3951597
-71.5203753 -16.3952114 -71.5204172 -16.3952432 -71.5204604 -16.3952797 -71.5210108 -16.3957032
-71.5225962 -16.3934381 -71.5225677 -16.3933973
-71.5225962 -16.3934381 -71.5226158 -16.393466 -71.5226413 -16.3935022 -71.5229551 -16.3939495 -71.5230797 -16.3941271
-71.5225962 -16.3934381 -71.5225195 -16.3934997 -71.5216583 -16.394185 -71.5215944 -16.3942359 -71.5215403 -16.394279
-71.5234934 -16.3927303 -71.5234521 -16.3926912
-71.5234934 -16.3927303 -71.5226574 -16.3933904 -71.5225962 -16.3934381
-71.5241641 -16.3922156 -71.5246043 -16.3927845
-71.5241641 -16.3922156 -71.5234934 -16.3927303
-71.5241641 -16.3922156 -71.5241367 -16.3921831
-71.5249622 -16.3915737 -71.5249377 -16.3915459
-71.5249622 -16.3915737 -71.5244634 -16.3919588
-71.5249622 -16.3915737 -71.5254105 -16.3920234 -71.5257526 -16.3922942
-71.5254574 -16.3911819 -71.5264654 -16.3922524
-71.5254574 -16.3911819 -71.5254273 -16.3911577
-71.5254574 -16.3911819 -71.5249622 -16.3915737
-71.5257366 -16.3909789 -71.5257008 -16.3909424
-71.5257366 -16.3909789 -71.5254574 -16.3911819
-71.5257366 -16.3909789 -71.525876 -16.39109 -71.5260768 -16.3912223 -71.5270062 -16.3918063
-71.5261584 -16.3905947 -71.5262665 -16.3905047
-71.5261584 -16.3905947 -71.5261195 -16.3906583 -71.5257366 -16.3909789
-71.5244634 -16.3919588 -71.5241641 -16.3922156
-71.5244634 -16.3919588 -71.5244401 -16.3919349
-71.5244634 -16.3919588 -71.5248933 -16.3923622 -71.5253569 -16.3927364
-71.5168619 -16.3977931 -71.5167759 -16.3978531
-71.5167759 -16.3978531 -71.5167354 -16.3978044
-71.5167759 -16.3978531 -71.5167218 -16.3978909 -71.5160431 -16.3983628
-71.520797 -16.389604 -71.520398 -16.389145
-71.520797 -16.389604 -71.5212375 -16.3901055
-71.520797 -16.389604 -71.5214937 -16.3890619
-71.520797 -16.389604 -71.5199553 -16.3902123
-71.5212375 -16.3901055 -71.520797 -16.389604
-71.5212375 -16.3901055 -71.5216793 -16.3906225
-71.5212375 -16.3901055 -71.5204308 -16.3907643
-71.5212375 -16.3901055 -71.5219402 -16.3895503
-71.5256721 -16.3941569 -71.5267279 -16.3932493
-71.5256721 -16.3941569 -71.5248883 -16.3931515
-71.5247015 -16.3950864 -71.5243729 -16.3952509 -71.5239719 -16.3954517
-71.5245658 -16.3936524 -71.524156 -16.393359
-71.5245658 -16.3936524 -71.5237678 -16.3944623
-71.5161181 -16.3950659 -71.5167685 -16.3945364
-71.5161181 -16.3950659 -71.5160388 -16.3949637
-71.5161181 -16.3950659 -71.5164879 -16.3956351
-71.5172377 -16.3967376 -71.5168574 -16.39619
-71.5172377 -16.3967376 -71.5175515 -16.3972332
-71.5172377 -16.3967376 -71.5164684 -16.3972745
-71.5172377 -16.3967376 -71.5180619 -16.3960868
-71.5168574 -16.39619 -71.5176209 -16.3955675
-71.5168574 -16.39619 -71.5167899 -16.3960906
-71.5168574 -16.39619 -71.5172377 -16.3967376
-71.5153257 -16.3928496 -71.5157987 -16.3933476
-71.5153257 -16.3928496 -71.5164096 -16.3921254 -71.5164697 -16.3920852
-71.5153257 -16.3928496 -71.514813 -16.3931968 -71.5147447 -16.393242
-71.5153257 -16.3928496 -71.5149447 -16.3923833 -71.5148992 -16.3923277
-71.5147447 -16.393242 -71.5148223 -16.3933556
-71.5147447 -16.393242 -71.514813 -16.3931968 -71.5153257 -16.3928496
-71.5147447 -16.393242 -71.5147135 -16.3931989 -71.5144061 -16.3927752 -71.5143652 -16.3927188
-71.518797 -16.3902238 -71.5189692 -16.3901078
-71.518797 -16.3902238 -71.518735 -16.3901274 -71.5185514 -16.3898322 -71.5185256 -16.3897907
-71.518797 -16.3902238 -71.5187467 -16.3902577 -71.5186104 -16.3903496 -71.5183234 -16.390543
-71.5197316 -16.3871118 -71.5204257 -16.3878874
-71.5197316 -16.3871118 -71.5193753 -16.3873898
-71.5197316 -16.3871118 -71.519447 -16.3867701
-71.5179495 -16.3872335 -71.517579 -16.387513
-71.5179495 -16.3872335 -71.5175509 -16.3867788
-71.5179495 -16.3872335 -71.5183107 -16.3876422
-71.5179495 -16.3872335 -71.5181322 -16.3871357 -71.518285 -16.3870966 -71.518418 -16.3869856
-71.5129506 -16.3819963 -71.5128784 -16.3820507
-71.5129506 -16.3819963 -71.5135388 -16.3816071
-71.5129506 -16.3819963 -71.5129745 -16.3820249 -71.5132479 -16.3823654
-71.5140315 -16.382135 -71.5134108 -16.3825682
-71.5140315 -16.382135 -71.5139134 -16.3820229 -71.5138039 -16.3819118 -71.5135388 -16.3816071
-71.5140315 -16.382135 -71.5141912 -16.3822487 -71.5146082 -16.382578
-71.5151293 -16.3830283 -71.514321 -16.3836047
-71.5151293 -16.3830283 -71.5146082 -16.382578
-71.5151293 -16.3830283 -71.5155781 -16.3835669
-71.5158743 -16.3847377 -71.5161556 -16.3845099
-71.5158743 -16.3847377 -71.5155202 -16.3850204
-71.5158743 -16.3847377 -71.515933 -16.3847931 -71.517141 -16.3864146
-71.5163944 -16.3869077 -71.5159744 -16.3863716
-71.5163944 -16.3869077 -71.5157246 -16.3874212
-71.5163944 -16.3869077 -71.5167321 -16.3866608 -71.5168081 -16.3866397
-71.515557 -16.3858387 -71.5151451 -16.385313
-71.515557 -16.3858387 -71.5159744 -16.3863716
-71.515557 -16.3858387 -71.5148858 -16.386371 -71.5148431 -16.386405
-71.5082563 -16.3840368 -71.5082231 -16.3839706
-71.5082563 -16.3840368 -71.5083025 -16.3841361 -71.508354 -16.384191 -71.5084003 -16.3842403 -71.5085339 -16.384332 -71.5088436 -16.3845444 -71.5088952 -16.3845798 -71.5092423 -16.384818 -71.5093966 -16.3849812 -71.5094312 -16.3850178 -71.5095234 -16.3851531 -71.50954 -16.3851987 -71.5095438 -16.3852492 -71.5095259 -16.3852758 -71.5094916 -16.3853195 -71.5094221 -16.385351 -71.5093166 -16.3853524 -71.5092777 -16.385337 -71.5091969 -16.3852756 -71.5086829 -16.3848848 -71.5086483 -16.3848617 -71.5083342 -16.3846525 -71.5081815 -16.3845684 -71.5080245 -16.3844619 -71.5079182 -16.384255 -71.5078555 -16.3841277
-71.5082563 -16.3840368 -71.508377 -16.3839032 -71.5086407 -16.3836581
-71.5099372 -16.3839443 -71.5099161 -16.3839515 -71.5098943 -16.3839516 -71.5098736 -16.3839448 -71.5098564 -16.383932 -71.5098443 -16.3839144 -71.5098389 -16.3838941 -71.5098407 -16.3838732
-71.5099372 -16.3839443 -71.5101333 -16.3845562 -71.5102009 -16.3847169 -71.5103704 -16.3849134 -71.5104767 -16.3850155 -71.5105191 -16.3850347 -71.5106127 -16.385077 -71.5106783 -16.3851191 -71.5107296 -16.3851767 -71.5107629 -16.3852453 -71.510803 -16.3854054 -71.510893 -16.3855631 -71.5110156 -16.3856771 -71.5110201 -16.385682 -71.5112359 -16.385917
-71.499578 -16.381193 -71.4999154 -16.381144
-71.499578 -16.381193 -71.4996464 -16.3810154 -71.4996319 -16.3809338 -71.4994391 -16.3804813 -71.4993904 -16.3803709
-71.499578 -16.381193 -71.499582 -16.3812859 -71.4996045 -16.3813789 -71.4996767 -16.381491 -71.4998351 -16.3816268 -71.5003765 -16.3819942 -71.5004913 -16.382041
-71.5021195 -16.382181 -71.5017165 -16.3823743
-71.5021195 -16.382181 -71.5021937 -16.3821426
-71.5021195 -16.382181 -71.5018387 -16.3815204
-71.5137852 -16.3889474 -71.5137497 -16.3889033 -71.51339 -16.3884856 -71.5133492 -16.3884382
-71.5137852 -16.3889474 -71.51383 -16.3890002 -71.514092 -16.3893089 -71.5141303 -16.3893541
-71.5137852 -16.3889474 -71.513725 -16.3889961 -71.5127766 -16.3897627
-71.5137852 -16.3889474 -71.5138415 -16.3889039 -71.5144645 -16.3884229 -71.5145327 -16.388368
-71.5127766 -16.3897627 -71.5123202 -16.3892338
-71.5127766 -16.3897627 -71.5129503 -16.3899834
-71.5127766 -16.3897627 -71.513725 -16.3889961 -71.5137852 -16.3889474
-71.5139591 -16.3929964 -71.5140178 -16.3929587 -71.5142871 -16.3927727 -71.5143652 -16.3927188
-71.5139591 -16.3929964 -71.513918 -16.3930252 -71.5135138 -16.3933085 -71.5134669 -16.3933414
-71.5139591 -16.3929964 -71.5138456 -16.392864 -71.5138377 -16.3928455 -71.5138339 -16.3928259 -71.5138294 -16.3927428 -71.5138101 -16.3926495 -71.5137434 -16.3924269 -71.5137287 -16.3923911 -71.513706 -16.3923409 -71.5136649 -16.3922515
-71.5139591 -16.3929964 -71.5139971 -16.3930457 -71.5141607 -16.3932587 -71.514207 -16.3933189
-71.5211719 -16.3987198 -71.5212423 -16.3988452
-71.5211719 -16.3987198 -71.5213274 -16.3986238 -71.5216765 -16.3984012 -71.5227285 -16.3976204 -71.5230674 -16.3973689
-71.5211719 -16.3987198 -71.5210579 -16.3984831 -71.520603 -16.3976242
-71.5197565 -16.399016 -71.5194476 -16.3982708
-71.5197565 -16.399016 -71.519785 -16.3991009
-71.5197565 -16.399016 -71.5210208 -16.3987709 -71.5211719 -16.3987198
-71.5185368 -16.3886689 -71.5185042 -16.3886264 -71.5182833 -16.3883397 -71.5182363 -16.3882786
-71.5185368 -16.3886689 -71.5184896 -16.3887041 -71.5183608 -16.3888 -71.5183339 -16.3888201 -71.5184755 -16.3892497
-71.5185368 -16.3886689 -71.5185828 -16.3886346 -71.5189475 -16.3883627 -71.5186135 -16.3879842
-71.5196278 -16.3890758 -71.5187121 -16.3896966
-71.5196278 -16.3890758 -71.520129 -16.3887731
-71.5196278 -16.3890758 -71.5193692 -16.3886725
-71.5196278 -16.3890758 -71.5199032 -16.3894784
-71.5187121 -16.3896966 -71.5196278 -16.3890758
-71.5187121 -16.3896966 -71.518739 -16.3897552 -71.5188958 -16.3900044 -71.5189692 -16.3901078
-71.5187121 -16.3896966 -71.5186968 -16.3896106 -71.5184988 -16.3892893 -71.5184755 -16.3892497
-71.5189692 -16.3901078 -71.518797 -16.3902238
-71.5189692 -16.3901078 -71.5188958 -16.3900044 -71.518739 -16.3897552 -71.5187121 -16.3896966
-71.5189692 -16.3901078 -71.5190164 -16.390076 -71.5194685 -16.3897714
-71.5270887 -16.3952491 -71.5263439 -16.3946203
-71.5212423 -16.3988452 -71.519785 -16.3991009
-71.5212423 -16.3988452 -71.5211719 -16.3987198
-71.5234347 -16.3976957 -71.5230674 -16.3973689
-71.5234347 -16.3976957 -71.5239501 -16.3973339 -71.5240711 -16.397277 -71.5241566 -16.3972471 -71.5244429 -16.3971935 -71.524487 -16.3971796 -71.5249449 -16.3969229
-71.5234347 -16.3976957 -71.522548 -16.398329 -71.5222295 -16.3985185
-71.5194476 -16.3982708 -71.5181412 -16.3986087
-71.5194476 -16.3982708 -71.5197565 -16.399016
-71.5194476 -16.3982708 -71.5191951 -16.3977699 -71.518947 -16.3972369
-71.520603 -16.3976242 -71.5194476 -16.3982708
-71.520603 -16.3976242 -71.5210579 -16.3984831 -71.5211719 -16.3987198
-71.5062161 -16.3727653 -71.5062861 -16.3726833
-71.524802 -16.3908747 -71.5252048 -16.3913468
-71.524802 -16.3908747 -71.5244817 -16.3904994
-71.524802 -16.3908747 -71.5245493 -16.3910387
-71.5245493 -16.3910387 -71.524802 -16.3908747
-71.5245493 -16.3910387 -71.5245204 -16.3910032
-71.5245493 -16.3910387 -71.5249377 -16.3915459
-71.5182772 -16.3905741 -71.5183234 -16.390543
-71.5182772 -16.3905741 -71.5171491 -16.3913343 -71.5171193 -16.3913543
-71.5182772 -16.3905741 -71.5182111 -16.3904912 -71.5179952 -16.3902282 -71.5179574 -16.3901821
-71.5185256 -16.3897907 -71.5184742 -16.3898261 -71.5180425 -16.3901237 -71.5180096 -16.3901464
-71.5185256 -16.3897907 -71.518499 -16.3897262 -71.5182711 -16.3891748 -71.5182431 -16.389107
-71.5185256 -16.3897907 -71.5185514 -16.3898322 -71.518735 -16.3901274 -71.518797 -16.3902238
-71.5175454 -16.3919874 -71.5176037 -16.3919442
-71.5175454 -16.3919874 -71.5172108 -16.3915965
-71.5204257 -16.3878874 -71.5197316 -16.3871118
-71.5204257 -16.3878874 -71.5210977 -16.3886219
-71.5204257 -16.3878874 -71.5200718 -16.3881924
-71.519829 -16.3883583 -71.520129 -16.3887731
-71.519829 -16.3883583 -71.5196739 -16.3884643
-71.519829 -16.3883583 -71.5200718 -16.3881924
-71.5200718 -16.3881924 -71.519829 -16.3883583
-71.5200718 -16.3881924 -71.5204257 -16.3878874
-71.5200718 -16.3881924 -71.5193753 -16.3873898
-71.5193753 -16.3873898 -71.5200718 -16.3881924
-71.5193753 -16.3873898 -71.5190179 -16.3876687
-71.5193753 -16.3873898 -71.5197316 -16.3871118
-71.5193692 -16.3886725 -71.5196739 -16.3884643
-71.5193692 -16.3886725 -71.5196278 -16.3890758
-71.5193692 -16.3886725 -71.5185213 -16.3892195 -71.5184755 -16.3892497
-71.520129 -16.3887731 -71.519829 -16.3883583
-71.520129 -16.3887731 -71.520398 -16.389145
-71.520129 -16.3887731 -71.5196278 -16.3890758
-71.5182363 -16.3882786 -71.5186135 -16.3879842
-71.5182363 -16.3882786 -71.5180719 -16.388397 -71.5180287 -16.3884281
-71.5182363 -16.3882786 -71.5182833 -16.3883397 -71.5185042 -16.3886264 -71.5185368 -16.3886689
-71.5182363 -16.3882786 -71.5181915 -16.3882252 -71.5177887 -16.3877494
-71.5187361 -16.3873083 -71.5183107 -16.3876422
-71.5187361 -16.3873083 -71.5190179 -16.3876687
-71.5187361 -16.3873083 -71.519447 -16.3867701
-71.5190179 -16.3876687 -71.5196739 -16.3884643
-71.5190179 -16.3876687 -71.5187361 -16.3873083
-71.5190179 -16.3876687 -71.5186135 -16.3879842
-71.5190179 -16.3876687 -71.5193753 -16.3873898
-71.5196739 -16.3884643 -71.5193692 -16.3886725
-71.5196739 -16.3884643 -71.519829 -16.3883583
-71.5196739 -16.3884643 -71.5190179 -16.3876687
-71.5145835 -16.3898815 -71.5145352 -16.389824 -71.5141303 -16.3893541
-71.5145835 -16.3898815 -71.5146232 -16.3899271 -71.5149875 -16.390358 -71.515029 -16.3904071
-71.5145835 -16.3898815 -71.5145193 -16.3899242 -71.5135247 -16.3905858 -71.5134755 -16.3906185
-71.5145835 -16.3898815 -71.514637 -16.3898459 -71.5152988 -16.3894057 -71.5153789 -16.3893524
-71.517738 -16.3877831 -71.5177887 -16.3877494
-71.517738 -16.3877831 -71.5176939 -16.3878124 -71.5166904 -16.38848 -71.516655 -16.3885035
-71.517738 -16.3877831 -71.5178236 -16.3879193 -71.5179035 -16.3880886 -71.5180097 -16.3883766 -71.5180287 -16.3884281
-71.5177887 -16.3877494 -71.517738 -16.3877831
-71.5177887 -16.3877494 -71.517579 -16.387513
-71.5177887 -16.3877494 -71.5181915 -16.3882252 -71.5182363 -16.3882786
-71.5180287 -16.3884281 -71.5179872 -16.388458 -71.5171242 -16.3890231 -71.5170928 -16.3890433
-71.5180287 -16.3884281 -71.5180719 -16.388397 -71.5182363 -16.3882786
-71.5180287 -16.3884281 -71.5180531 -16.388501 -71.5182278 -16.3890573 -71.5182431 -16.389107
-71.5180287 -16.3884281 -71.5180097 -16.3883766 -71.5179035 -16.3880886 -71.5178236 -16.3879193 -71.517738 -16.3877831
-71.5182431 -16.389107 -71.5182278 -16.3890573 -71.5180531 -16.388501 -71.5180287 -16.3884281
-71.5182431 -16.389107 -71.5182711 -16.3891748 -71.518499 -16.3897262 -71.5185256 -16.3897907
-71.5182431 -16.389107 -71.518193 -16.3891411 -71.5175693 -16.3895656 -71.5175356 -16.3895885
-71.515029 -16.3904071 -71.5149789 -16.3904392 -71.5139582 -16.3910932 -71.5138938 -16.3911345
-71.515029 -16.3904071 -71.5150867 -16.390368 -71.5157462 -16.3899219 -71.5157861 -16.3898959
-71.515029 -16.3904071 -71.5149875 -16.390358 -71.5146232 -16.3899271 -71.5145835 -16.3898815
-71.515029 -16.3904071 -71.51507 -16.3904539 -71.5154809 -16.3909228 -71.5155243 -16.3909724
-71.5138938 -16.3911345 -71.5139582 -16.3910932 -71.5149789 -16.3904392 -71.515029 -16.3904071
-71.5138938 -16.3911345 -71.5138569 -16.3910889 -71.5135068 -16.3906557 -71.5134755 -16.3906185
-71.5138938 -16.3911345 -71.5139425 -16.3911917 -71.5143594 -16.3916812 -71.5144066 -16.3917367
-71.5134755 -16.3906185 -71.5134268 -16.3905571 -71.5130576 -16.390103
-71.5134755 -16.3906185 -71.5135068 -16.3906557 -71.5138569 -16.3910889 -71.5138938 -16.3911345
-71.5134755 -16.3906185 -71.5134111 -16.3906614 -71.5130736 -16.3908859
-71.5134755 -16.3906185 -71.5135247 -16.3905858 -71.5145193 -16.3899242 -71.5145835 -16.3898815
-71.5143652 -16.3927188 -71.5144346 -16.3926692 -71.5148425 -16.3923693 -71.5148992 -16.3923277
-71.5143652 -16.3927188 -71.5142871 -16.3927727 -71.5140178 -16.3929587 -71.5139591 -16.3929964
-71.5143652 -16.3927188 -71.5143288 -16.3926668 -71.5139638 -16.3921446 -71.5139184 -16.3920796
-71.5143652 -16.3927188 -71.5144061 -16.3927752 -71.5147135 -16.3931989 -71.5147447 -16.393242
-71.5164697 -16.3920852 -71.5165193 -16.3920525 -71.517172 -16.3916221 -71.5172108 -16.3915965
-71.5164697 -16.3920852 -71.5164096 -16.3921254 -71.5153257 -16.3928496
-71.5164697 -16.3920852 -71.516425 -16.3920325 -71.5160552 -16.3915974 -71.5160082 -16.3915422
-71.5164697 -16.3920852 -71.5165159 -16.3921387 -71.5169022 -16.3925868 -71.5169461 -16.3926377
-71.5172755 -16.3915543 -71.5172108 -16.3915965
-71.5172755 -16.3915543 -71.5176037 -16.3919442
-71.5169461 -16.3926377 -71.5168833 -16.3926765 -71.5157987 -16.3933476
-71.5169461 -16.3926377 -71.5170025 -16.3926016 -71.5176607 -16.3921902 -71.5176945 -16.3921691
-71.5169461 -16.3926377 -71.5169022 -16.3925868 -71.5165159 -16.3921387 -71.5164697 -16.3920852
-71.5169461 -16.3926377 -71.5169867 -16.3926848 -71.5173323 -16.3930859 -71.5173721 -16.3931322
-71.5157987 -16.3933476 -71.5153257 -16.3928496
-71.5157987 -16.3933476 -71.5163067 -16.3939537
-71.5157987 -16.3933476 -71.5154474 -16.3935556 -71.5151844 -16.3937076 -71.5151056 -16.3937531
-71.5157987 -16.3933476 -71.5168833 -16.3926765 -71.5169461 -16.3926377
-71.5151056 -16.3937531 -71.5150721 -16.3937029 -71.5148524 -16.3933975 -71.5148223 -16.3933556
-71.5151056 -16.3937531 -71.5151403 -16.3938009 -71.5153031 -16.3940255 -71.5153948 -16.3941509
-71.5151056 -16.3937531 -71.5150432 -16.3937938 -71.5142383 -16.3943194 -71.5142159 -16.394334 -71.5142046 -16.3943351 -71.5141882 -16.3943326 -71.5141735 -16.3943251 -71.514036 -16.3941323
-71.5151056 -16.3937531 -71.5151844 -16.3937076 -71.5154474 -16.3935556 -71.5157987 -16.3933476
-71.5164879 -16.3956351 -71.5172089 -16.3950593
-71.5164879 -16.3956351 -71.5161181 -16.3950659
-71.5164879 -16.3956351 -71.5166202 -16.3958388
-71.5173721 -16.3931322 -71.5178514 -16.393674
-71.5173721 -16.3931322 -71.5173057 -16.3931834 -71.5163067 -16.3939537
-71.5173721 -16.3931322 -71.5174267 -16.3930907 -71.518027 -16.3926344 -71.5180671 -16.3926039
-71.5173721 -16.3931322 -71.5173323 -16.3930859 -71.5169867 -16.3926848 -71.5169461 -16.3926377
-71.5163067 -16.3939537 -71.5156323 -16.3944397
-71.5163067 -16.3939537 -71.5157987 -16.3933476
-71.5163067 -16.3939537 -71.5167685 -16.3945364
-71.5163067 -16.3939537 -71.5173057 -16.3931834 -71.5173721 -16.3931322
-71.5156323 -16.3944397 -71.5163067 -16.3939537
-71.5156323 -16.3944397 -71.5153948 -16.3941509
-71.5156323 -16.3944397 -71.5157487 -16.3945897
-71.5148223 -16.3933556 -71.5147447 -16.393242
-71.5148223 -16.3933556 -71.5148524 -16.3933975 -71.5150721 -16.3937029 -71.5151056 -16.3937531
-71.5148223 -16.3933556 -71.5144787 -16.3935928 -71.5144252 -16.393629
-71.5144252 -16.393629 -71.5143796 -16.3936598 -71.5139709 -16.3939366 -71.5139224 -16.3939694
-71.5144252 -16.393629 -71.5144787 -16.3935928 -71.5148223 -16.3933556
-71.5144252 -16.393629 -71.5143882 -16.3935765 -71.5142354 -16.3933593 -71.514207 -16.3933189
-71.5141303 -16.3893541 -71.5140705 -16.3893959 -71.5130576 -16.390103
-71.5141303 -16.3893541 -71.5141878 -16.3893161 -71.5148482 -16.3888788 -71.5149234 -16.3888276
-71.5141303 -16.3893541 -71.514092 -16.3893089 -71.51383 -16.3890002 -71.5137852 -16.3889474
-71.5141303 -16.3893541 -71.5145352 -16.389824 -71.5145835 -16.3898815
-71.5130576 -16.390103 -71.5129503 -16.3899834
-71.5130576 -16.390103 -71.5140705 -16.3893959 -71.5141303 -16.3893541
-71.5130576 -16.390103 -71.5134268 -16.3905571 -71.5134755 -16.3906185
-71.5133492 -16.3884382 -71.5132941 -16.3884807 -71.5123202 -16.3892338
-71.5133492 -16.3884382 -71.5134022 -16.3883955 -71.5140241 -16.3878955 -71.5140912 -16.3878416
-71.5133492 -16.3884382 -71.5133118 -16.3883936 -71.5129587 -16.3879729 -71.512916 -16.3879262
-71.5133492 -16.3884382 -71.51339 -16.3884856 -71.5137497 -16.3889033 -71.5137852 -16.3889474
-71.5123202 -16.3892338 -71.5127766 -16.3897627
-71.5123202 -16.3892338 -71.5132941 -16.3884807 -71.5133492 -16.3884382
-71.5123202 -16.3892338 -71.5121021 -16.3889851 -71.5118783 -16.3887513
-71.5124845 -16.3874067 -71.5114941 -16.3881813 -71.5114773 -16.3882149 -71.5114726 -16.3882519 -71.5114805 -16.3882883 -71.5118783 -16.3887513
-71.5124845 -16.3874067 -71.5128706 -16.3878715 -71.512916 -16.3879262
-71.5124845 -16.3874067 -71.5124001 -16.3872666 -71.5120722 -16.3868857
-71.5124845 -16.3874067 -71.5131557 -16.3868678 -71.5132217 -16.3868148
-71.5120722 -16.3868857 -71.5115613 -16.3862922
-71.5120722 -16.3868857 -71.5124286 -16.386596 -71.5127947 -16.3863053
-71.5120722 -16.3868857 -71.5124001 -16.3872666 -71.5124845 -16.3874067
-71.514321 -16.3836047 -71.5142466 -16.383656
-71.514321 -16.3836047 -71.5151293 -16.3830283
-71.514321 -16.3836047 -71.5145455 -16.3838738
-71.5142466 -16.383656 -71.5131492 -16.3843812
-71.5142466 -16.383656 -71.514321 -16.3836047
-71.5142466 -16.383656 -71.5139271 -16.3832921
-71.5146082 -16.382578 -71.5151293 -16.3830283
-71.5146082 -16.382578 -71.5138782 -16.3830953
-71.5146082 -16.382578 -71.5141912 -16.3822487 -71.5140315 -16.382135
-71.5128784 -16.3820507 -71.5118197 -16.3828179
-71.5128784 -16.3820507 -71.5129506 -16.3819963
-71.5128784 -16.3820507 -71.5124598 -16.3815525
-71.5115945 -16.3794666 -71.5119372 -16.3798505
-71.5115945 -16.3794666 -71.5111189 -16.3798456
-71.5115945 -16.3794666 -71.5120665 -16.3790905
-71.5116172 -16.3785936 -71.5106457 -16.3793536
-71.5116172 -16.3785936 -71.5111747 -16.3780918
-71.5116172 -16.3785936 -71.5120665 -16.3790905
-71.5122875 -16.3789222 -71.5120665 -16.3790905
-71.5122875 -16.3789222 -71.5124242 -16.3787739 -71.5117217 -16.3779615 -71.5118101 -16.3775866 -71.5116361 -16.3772605 -71.5115321 -16.3771625
-71.5122875 -16.3789222 -71.5124891 -16.3791399 -71.5123268 -16.3792351
-71.5119372 -16.3798505 -71.5115945 -16.3794666
-71.5119372 -16.3798505 -71.5114633 -16.3802335
-71.5119372 -16.3798505 -71.5122144 -16.3801762 -71.512271 -16.38023 -71.5123217 -16.3802338 -71.5126228 -16.3800262
-71.5114633 -16.3802335 -71.5114017 -16.3802837
-71.5114633 -16.3802335 -71.5119372 -16.3798505
-71.5114633 -16.3802335 -71.5116178 -16.3804172
-71.5114017 -16.3802837 -71.5114633 -16.3802335
-71.5114017 -16.3802837 -71.5110581 -16.3798923
-71.5127115 -16.3801538 -71.5126228 -16.3800262
-71.5123358 -16.3796706 -71.5126228 -16.3800262
-71.5126228 -16.3800262 -71.5123358 -16.3796706
-71.5126228 -16.3800262 -71.5127115 -16.3801538
-71.5126228 -16.3800262 -71.5123217 -16.3802338 -71.512271 -16.38023 -71.5122144 -16.3801762 -71.5119372 -16.3798505
-71.5126228 -16.3800262 -71.5130415 -16.3798031 -71.5129146 -16.3796148 -71.5128576 -16.379526 -71.5128103 -16.3794458
-71.5133632 -16.3807396 -71.5137005 -16.3802073 -71.5137833 -16.3800934 -71.5138178 -16.3800181 -71.5138264 -16.3799757
-71.5133632 -16.3807396 -71.5131255 -16.3803423 -71.5125025 -16.3807524 -71.5121102 -16.3810106
-71.5133632 -16.3807396 -71.5134121 -16.3808165 -71.5134258 -16.3808807
-71.5138264 -16.3799757 -71.5138178 -16.3800181 -71.5137833 -16.3800934 -71.5137005 -16.3802073 -71.5133632 -16.3807396
-71.5128103 -16.3794458 -71.5128576 -16.379526 -71.5129146 -16.3796148 -71.5130415 -16.3798031 -71.5126228 -16.3800262
-71.5123268 -16.3792351 -71.5124891 -16.3791399 -71.5122875 -16.3789222
-71.5120665 -16.3790905 -71.5115945 -16.3794666
-71.5120665 -16.3790905 -71.5122875 -16.3789222
-71.5120665 -16.3790905 -71.5116172 -16.3785936
-71.5102106 -16.377016 -71.5097592 -16.3765499
-71.5102106 -16.377016 -71.5105416 -16.3773739
-71.5102106 -16.377016 -71.509701 -16.3774447
-71.5102106 -16.377016 -71.5106636 -16.376627 -71.5106787 -16.3765534 -71.5106819 -16.3764984
-71.5091312 -16.3760081 -71.5085836 -16.3756106
-71.5091312 -16.3760081 -71.508714 -16.3764587
-71.5091312 -16.3760081 -71.5092151 -16.3760121 -71.5097592 -16.3765499
-71.5058768 -16.3736551 -71.5054454 -16.3741025
-71.5058768 -16.3736551 -71.5052839 -16.3732554
-71.5058768 -16.3736551 -71.5064047 -16.3740294
-71.5058768 -16.3736551 -71.5061016 -16.3734175 -71.5063016 -16.3735023 -71.5067157 -16.3736987 -71.5076974 -16.3746093 -71.5087535 -16.3753771 -71.5099957 -16.3761225 -71.5106819 -16.3764984
-71.5024332 -16.3713961 -71.5036079 -16.3721445
-71.5009718 -16.3708306 -71.5015389 -16.3712372
-71.5009718 -16.3708306 -71.5008549 -16.3709839
-71.5009718 -16.3708306 -71.5011021 -16.3706597
-71.508714 -16.3764587 -71.5092354 -16.3769796
-71.508714 -16.3764587 -71.5081871 -16.3760788
-71.508714 -16.3764587 -71.5082774 -16.3769316
-71.508714 -16.3764587 -71.5091312 -16.3760081
-71.509701 -16.3774447 -71.5092354 -16.3769796
-71.509701 -16.3774447 -71.5092065 -16.3778718
-71.509701 -16.3774447 -71.5102106 -16.377016
-71.5081871 -16.3760788 -71.50773 -16.3765353
-71.5081871 -16.3760788 -71.5085836 -16.3756106
-71.5081871 -16.3760788 -71.508714 -16.3764587
-71.5081871 -16.3760788 -71.5076122 -16.3756644
-71.5085836 -16.3756106 -71.5081871 -16.3760788
-71.5085836 -16.3756106 -71.5080348 -16.3752124
-71.5085836 -16.3756106 -71.5091312 -16.3760081
-71.5089194 -16.3786845 -71.5085667 -16.3784259
-71.5089194 -16.3786845 -71.5090149 -16.3788007
-71.5089194 -16.3786845 -71.5092559 -16.378788 -71.509931 -16.3788828 -71.5100324 -16.3789308 -71.5101649 -16.3790352 -71.5102069 -16.3790589 -71.5102357 -16.3790679 -71.5102641 -16.3790634
-71.5075659 -16.3775986 -71.5073821 -16.3778519
-71.5075659 -16.3775986 -71.5070808 -16.3772125
-71.5075659 -16.3775986 -71.5075999 -16.377628
-71.5070808 -16.3772125 -71.5076807 -16.3765858
-71.5070808 -16.3772125 -71.5075659 -16.3775986
-71.5070808 -16.3772125 -71.5069579 -16.3773356 -71.5064116 -16.3769483
-71.5093289 -16.3791283 -71.5092863 -16.3790838
-71.5085667 -16.3784259 -71.5080759 -16.378018
-71.5085667 -16.3784259 -71.5089194 -16.3786845
-71.5085667 -16.3784259 -71.5087954 -16.3782273 -71.5091493 -16.3779213
-71.5085667 -16.3784259 -71.5084343 -16.3785766 -71.5083669 -16.3786456
-71.5080117 -16.3790098 -71.5083669 -16.3786456
-71.5080117 -16.3790098 -71.5075516 -16.3789046
-71.5080117 -16.3790098 -71.508556 -16.3791683
-71.5083669 -16.3786456 -71.5080117 -16.3790098
-71.5083669 -16.3786456 -71.5080059 -16.3783549
-71.5083669 -16.3786456 -71.5084343 -16.3785766 -71.5085667 -16.3784259
-71.5073821 -16.3778519 -71.5075659 -16.3775986
-71.5073821 -16.3778519 -71.50729 -16.3779662
-71.5073821 -16.3778519 -71.5080059 -16.3783549
-71.5075516 -16.3789046 -71.507772 -16.37864
-71.5075516 -16.3789046 -71.5080117 -16.3790098
-71.5075516 -16.3789046 -71.5074528 -16.37889 -71.5073633 -16.3788126 -71.507203 -16.3786668 -71.5068902 -16.378407
-71.5080059 -16.3783549 -71.5073821 -16.3778519
-71.5080059 -16.3783549 -71.5083669 -16.3786456
-71.5080059 -16.3783549 -71.507772 -16.37864
-71.5080759 -16.378018 -71.5075999 -16.377628
-71.5080759 -16.378018 -71.5085667 -16.3784259
-71.5080759 -16.378018 -71.5086928 -16.3774598
-71.5092354 -16.3769796 -71.509701 -16.3774447
-71.5092354 -16.3769796 -71.508714 -16.3764587
-71.5092354 -16.3769796 -71.5097592 -16.3765499
-71.5092354 -16.3769796 -71.5087541 -16.3774065
-71.5097592 -16.3765499 -71.5102106 -16.377016
-71.5097592 -16.3765499 -71.5092354 -16.3769796
-71.5097592 -16.3765499 -71.5092151 -16.3760121 -71.5091312 -16.3760081
-71.5075999 -16.377628 -71.5075659 -16.3775986
-71.5075999 -16.377628 -71.5080759 -16.378018
-71.5075999 -16.377628 -71.5082258 -16.3769884
-71.507772 -16.37864 -71.5080059 -16.3783549
-71.507772 -16.37864 -71.5075516 -16.3789046
-71.507772 -16.37864 -71.5071449 -16.3781411
-71.5071449 -16.3781411 -71.50729 -16.3779662
-71.5071449 -16.3781411 -71.5070261 -16.3782603
-71.5071449 -16.3781411 -71.507772 -16.37864
-71.50729 -16.3779662 -71.5073821 -16.3778519
-71.50729 -16.3779662 -71.5071449 -16.3781411
-71.50729 -16.3779662 -71.5066102 -16.3774887 -71.506385 -16.3777564 -71.5070261 -16.3782603
-71.5070261 -16.3782603 -71.5071449 -16.3781411
-71.5070261 -16.3782603 -71.5068902 -16.378407
-71.5070261 -16.3782603 -71.506385 -16.3777564 -71.5066102 -16.3774887 -71.50729 -16.3779662
-71.5067694 -16.3785141 -71.5068902 -16.378407
-71.5067694 -16.3785141 -71.5057539 -16.3778013
-71.5067694 -16.3785141 -71.5067312 -16.3785629 -71.5064524 -16.3788515
-71.5067694 -16.3785141 -71.5068984 -16.3786901 -71.5069487 -16.3787297
-71.5048822 -16.3736939 -71.5044402 -16.3741765
-71.5048822 -16.3736939 -71.5052839 -16.3732554
-71.5048822 -16.3736939 -71.5054454 -16.3741025
-71.5048822 -16.3736939 -71.5043494 -16.3732956
-71.5052839 -16.3732554 -71.5048822 -16.3736939
-71.5052839 -16.3732554 -71.5047298 -16.3728902
-71.5052839 -16.3732554 -71.5058768 -16.3736551
-71.5054454 -16.3741025 -71.5049806 -16.3745726
-71.5054454 -16.3741025 -71.5058768 -16.3736551
-71.5054454 -16.3741025 -71.5059754 -16.3744845
-71.5054454 -16.3741025 -71.5048822 -16.3736939
-71.5041682 -16.3754125 -71.5036477 -16.3750416
-71.5041682 -16.3754125 -71.5047366 -16.3758219
-71.5041682 -16.3754125 -71.5036156 -16.3760629 -71.503602 -16.3761664 -71.5036161 -16.3762908 -71.5040972 -16.3766384
-71.5041682 -16.3754125 -71.5049142 -16.3746397 -71.5049305 -16.3746219
-71.5036477 -16.3750416 -71.5032682 -16.3754559
-71.5036477 -16.3750416 -71.5043924 -16.3742286
-71.5036477 -16.3750416 -71.5030976 -16.3746658
-71.5036477 -16.3750416 -71.5041682 -16.3754125
-71.5010566 -16.3731235 -71.5012845 -16.3737168
-71.5010566 -16.3731235 -71.501222 -16.3732668 -71.5012586 -16.373298 -71.5016089 -16.3735456
-71.5010566 -16.3731235 -71.500886 -16.3728123 -71.500379 -16.3723896 -71.5001757 -16.3722632 -71.5000432 -16.3721302 -71.4998797 -16.3720038 -71.499482 -16.3717287 -71.4990792 -16.3714803 -71.4989735 -16.3714375
-71.5064524 -16.3788515 -71.5063393 -16.3790327
-71.5064524 -16.3788515 -71.5067312 -16.3785629 -71.5067694 -16.3785141
-71.5064524 -16.3788515 -71.5065221 -16.3788969 -71.5066025 -16.3789409 -71.5066998 -16.3790315
-71.5068902 -16.378407 -71.5070261 -16.3782603
-71.5068902 -16.378407 -71.5067694 -16.3785141
-71.5068902 -16.378407 -71.507203 -16.3786668 -71.5073633 -16.3788126 -71.5074528 -16.37889 -71.5075516 -16.3789046
-71.5070341 -16.3792542 -71.5069957 -16.3792373 -71.5068665 -16.3791534 -71.5068138 -16.379102 -71.5067479 -16.3790643 -71.5066998 -16.3790315
-71.5072119 -16.3830705 -71.5073278 -16.3827539
-71.5072119 -16.3830705 -71.5071375 -16.3830415 -71.5067998 -16.3828888
-71.5072119 -16.3830705 -71.5074151 -16.3831472 -71.5075926 -16.3832175 -71.507715 -16.3832651 -71.5078736 -16.3833286 -71.5079914 -16.3834739 -71.5080629 -16.3836422 -71.5080862 -16.3836972 -71.5082231 -16.3839706
-71.4935273 -16.3785309 -71.4931463 -16.3785214
-71.4935273 -16.3785309 -71.4935659 -16.3789135
-71.4935273 -16.3785309 -71.4935103 -16.3781083
-71.4935273 -16.3785309 -71.4943182 -16.378484
-71.4941791 -16.3771736 -71.4938967 -16.3775388
-71.4941791 -16.3771736 -71.4944341 -16.3768689
-71.4941791 -16.3771736 -71.4938551 -16.3769132 -71.4938228 -16.3768559
-71.4941791 -16.3771736 -71.4951595 -16.3779405 -71.4952025 -16.3779828
-71.4954837 -16.3776578 -71.4944341 -16.3768689
-71.4954837 -16.3776578 -71.496413 -16.3779261 -71.4963288 -16.3783874
-71.4954837 -16.3776578 -71.495713 -16.3773382 -71.4952142 -16.3769394 -71.4951712 -16.3768789 -71.4951053 -16.3767689 -71.4950106 -16.3766561 -71.4948444 -16.3765461 -71.4947345 -16.3765008
-71.4952025 -16.3779828 -71.4963288 -16.3783874
-71.4952025 -16.3779828 -71.4952038 -16.3780502
-71.4952025 -16.3779828 -71.4951595 -16.3779405 -71.4941791 -16.3771736
-71.495211 -16.378431 -71.4952213 -16.3788723
-71.495211 -16.378431 -71.4952038 -16.3780502
-71.495211 -16.378431 -71.4943182 -16.378484
-71.495211 -16.378431 -71.496074 -16.378399
-71.4939084 -16.3793296 -71.4952309 -16.3792809
-71.4939084 -16.3793296 -71.4938989 -16.3788984
-71.4939084 -16.3793296 -71.4939132 -16.3797003 -71.4939219 -16.3797345
-71.4952309 -16.3792809 -71.4952404 -16.3796905
-71.4952309 -16.3792809 -71.4952213 -16.3788723
-71.4952309 -16.3792809 -71.4939084 -16.3793296
-71.4952309 -16.3792809 -71.4965673 -16.3792434 -71.4966537 -16.3792172 -71.4966859 -16.3791966 -71.4966953 -16.3791657 -71.496704 -16.3788337
-71.4946238 -16.378068 -71.4935103 -16.3781083
-71.4946238 -16.378068 -71.4952038 -16.3780502
-71.4946238 -16.378068 -71.4938967 -16.3775388
-71.4938967 -16.3775388 -71.4946238 -16.378068
-71.4938967 -16.3775388 -71.4934673 -16.3781099
-71.4938967 -16.3775388 -71.4941791 -16.3771736
-71.4934673 -16.3781099 -71.4935103 -16.3781083
-71.4934673 -16.3781099 -71.4938967 -16.3775388
-71.4934673 -16.3781099 -71.4931481 -16.3781108 -71.4931463 -16.3785214
-71.5017084 -16.3742733 -71.5022135 -16.3746407
-71.5017084 -16.3742733 -71.5020702 -16.3738716
-71.5017084 -16.3742733 -71.5014672 -16.3740839 -71.5014321 -16.3740453 -71.5014012 -16.373996
-71.5020702 -16.3738716 -71.5016089 -16.3735456
-71.5020702 -16.3738716 -71.5025801 -16.3742321
-71.5020702 -16.3738716 -71.5026772 -16.3731965
-71.5020702 -16.3738716 -71.5017084 -16.3742733
-71.5013679 -16.3719021 -71.5011501 -16.3717549
-71.5013679 -16.3719021 -71.5014484 -16.3717742
-71.5013679 -16.3719021 -71.5011928 -16.3721251
-71.502954 -16.3722569 -71.503288 -16.3724956
-71.502954 -16.3722569 -71.5023725 -16.3718375
-71.502954 -16.3722569 -71.5026731 -16.3726322
-71.5024005 -16.3729968 -71.5026731 -16.3726322
-71.5024005 -16.3729968 -71.5018069 -16.3725683
-71.5024005 -16.3729968 -71.5026772 -16.3731965
-71.5036079 -16.3721445 -71.5024332 -16.3713961
-71.5036079 -16.3721445 -71.5041667 -16.3725159
-71.5036079 -16.3721445 -71.503288 -16.3724956
-71.5026731 -16.3726322 -71.5024005 -16.3729968
-71.5026731 -16.3726322 -71.502954 -16.3722569
-71.5026731 -16.3726322 -71.502074 -16.3722125
-71.5014484 -16.3717742 -71.502074 -16.3722125
-71.5014484 -16.3717742 -71.5017457 -16.3713855
-71.5014484 -16.3717742 -71.5013679 -16.3719021
-71.5017457 -16.3713855 -71.5023725 -16.3718375
-71.5017457 -16.3713855 -71.5015389 -16.3712372
-71.5017457 -16.3713855 -71.5014484 -16.3717742
-71.5023725 -16.3718375 -71.502954 -16.3722569
-71.5023725 -16.3718375 -71.5017457 -16.3713855
-71.5023725 -16.3718375 -71.502074 -16.3722125
-71.502074 -16.3722125 -71.5014484 -16.3717742
-71.502074 -16.3722125 -71.5026731 -16.3726322
-71.502074 -16.3722125 -71.5018069 -16.3725683
-71.502074 -16.3722125 -71.5023725 -16.3718375
-71.5026772 -16.3731965 -71.5024005 -16.3729968
-71.5026772 -16.3731965 -71.5027789 -16.3730833
-71.5026772 -16.3731965 -71.5020702 -16.3738716
-71.5018069 -16.3725683 -71.5015358 -16.372929
-71.5018069 -16.3725683 -71.502074 -16.3722125
-71.5018069 -16.3725683 -71.5011928 -16.3721251
-71.5018069 -16.3725683 -71.5024005 -16.3729968
-71.5011928 -16.3721251 -71.5013679 -16.3719021
-71.5011928 -16.3721251 -71.5010872 -16.3722613
-71.5011928 -16.3721251 -71.5018069 -16.3725683
-71.5074882 -16.3748157 -71.5069361 -16.374415
-71.5074882 -16.3748157 -71.5080348 -16.3752124
-71.5074882 -16.3748157 -71.5073584 -16.3749516 -71.5070586 -16.3752653
-71.5070586 -16.3752653 -71.5076122 -16.3756644
-71.5070586 -16.3752653 -71.5065118 -16.3748711
-71.5070586 -16.3752653 -71.5066329 -16.3757432
-71.5070586 -16.3752653 -71.5073584 -16.3749516 -71.5074882 -16.3748157
-71.5058683 -16.3765908 -71.5053046 -16.3761886
-71.5058683 -16.3765908 -71.5064116 -16.3769483
-71.5058683 -16.3765908 -71.5052566 -16.3774522
-71.5058683 -16.3765908 -71.5065785 -16.3758001
-71.5052566 -16.3774522 -71.5047746 -16.3779859
-71.5052566 -16.3774522 -71.5058683 -16.3765908
-71.5052566 -16.3774522 -71.5046594 -16.3770331
-71.5052566 -16.3774522 -71.5057539 -16.3778013
-71.5047746 -16.3779859 -71.5052566 -16.3774522
-71.5047746 -16.3779859 -71.5041137 -16.3777158
-71.5047746 -16.3779859 -71.5054245 -16.3782367
-71.5047746 -16.3779859 -71.5046984 -16.3780728 -71.5046091 -16.3782974
-71.4990661 -16.3799787 -71.4999676 -16.3797919
-71.4990661 -16.3799787 -71.4989962 -16.3799021 -71.4988867 -16.3797967 -71.4987756 -16.3796045
-71.4990661 -16.3799787 -71.4992403 -16.3801059 -71.4993035 -16.3801739 -71.4993904 -16.3803709
-71.5029261 -16.3791789 -71.5017258 -16.3794275
-71.5097022 -16.3846315 -71.509671 -16.384578 -71.5095916 -16.384496 -71.5094382 -16.3843376 -71.5094154 -16.3843183
-71.5097022 -16.3846315 -71.5097541 -16.3848155 -71.5097947 -16.3851463 -71.5097771 -16.3852098 -71.5097402 -16.3852362 -71.5097161 -16.3852355 -71.5096872 -16.3852143 -71.5096128 -16.3850753 -71.5095632 -16.3849969 -71.5095431 -16.3849473
-71.5097022 -16.3846315 -71.5097395 -16.3846784 -71.5097972 -16.3847672
-71.5098167 -16.3838687 -71.5091822 -16.3834485
-71.5098167 -16.3838687 -71.5098407 -16.3838732
-71.5098167 -16.3838687 -71.509786 -16.383923 -71.5097295 -16.3839965 -71.5096711 -16.3840557 -71.5096136 -16.3841177 -71.5094649 -16.3842711 -71.5094377 -16.3842949 -71.5094154 -16.3843183
-71.5042339 -16.3818186 -71.5040932 -16.381835
-71.5042339 -16.3818186 -71.5043659 -16.3819473
-71.5042339 -16.3818186 -71.504549 -16.381782
-71.5056286 -16.3807558 -71.5057006 -16.3806582
-71.5056286 -16.3807558 -71.5057251 -16.3809266 -71.5058615 -16.3811237 -71.505948 -16.3811593 -71.5070512 -16.3812451 -71.5073439 -16.3812859 -71.5079722 -16.3814311 -71.5080048 -16.3814473 -71.5080132 -16.3814784 -71.5079814 -16.3815317 -71.5079361 -16.3815932
-71.5056286 -16.3807558 -71.5055941 -16.3807922 -71.5055167 -16.3809484 -71.5054915 -16.3810569
-71.5073722 -16.3807043 -71.5072163 -16.3807005 -71.5069831 -16.3806948 -71.5068823 -16.3806878
-71.5073722 -16.3807043 -71.5081987 -16.3807906 -71.5082966 -16.3808215 -71.508383 -16.3808828 -71.5084475 -16.3809525
-71.5073722 -16.3807043 -71.5073756 -16.380648 -71.5074347 -16.3796788 -71.5074294 -16.3796102 -71.507389 -16.3795861 -71.5073392 -16.379585 -71.5072198 -16.3795786 -71.507126 -16.3795812 -71.5070576 -16.3795812 -71.50702 -16.3795863 -71.5069838 -16.3795953 -71.5069717 -16.3796262 -71.5069671 -16.3796508
-71.4993904 -16.3803709 -71.4999573 -16.3802543
-71.4993904 -16.3803709 -71.4993035 -16.3801739 -71.4992403 -16.3801059 -71.4990661 -16.3799787
-71.4993904 -16.3803709 -71.4994391 -16.3804813 -71.4996319 -16.3809338 -71.4996464 -16.3810154 -71.499578 -16.381193
-71.5015999 -16.3789501 -71.5011566 -16.3790515
-71.5015999 -16.3789501 -71.5017258 -16.3794275
-71.5015999 -16.3789501 -71.5014624 -16.3784289 -71.5010214 -16.3784979
-71.4987756 -16.3796045 -71.4998067 -16.3793602
-71.4987756 -16.3796045 -71.4988867 -16.3797967 -71.4989962 -16.3799021 -71.4990661 -16.3799787
-71.4987756 -16.3796045 -71.498665 -16.3794739 -71.4986341 -16.3793259
-71.514395 -16.3995241 -71.5144123 -16.3996228
-71.514395 -16.3995241 -71.5143547 -16.3992624 -71.5143592 -16.3992348 -71.5143732 -16.3992102 -71.5143951 -16.3991917 -71.5144223 -16.3991814 -71.5152429 -16.399077 -71.516338 -16.3989364
-71.514395 -16.3995241 -71.5152065 -16.3994865 -71.5153114 -16.3994836
-71.5142401 -16.3996295 -71.5135807 -16.3996598
-71.5142401 -16.3996295 -71.5145064 -16.4008568 -71.5146306 -16.4011751
-71.5146306 -16.4011751 -71.5142151 -16.4014694
-71.5146306 -16.4011751 -71.5152941 -16.4007151
-71.5146306 -16.4011751 -71.5145064 -16.4008568 -71.5142401 -16.3996295
-71.5080348 -16.3752124 -71.5074882 -16.3748157
-71.5080348 -16.3752124 -71.5085836 -16.3756106
-71.5080348 -16.3752124 -71.5079131 -16.3753426 -71.5076122 -16.3756644
-71.5064116 -16.3769483 -71.5058683 -16.3765908
-71.5064116 -16.3769483 -71.5057539 -16.3778013
-71.5064116 -16.3769483 -71.5071226 -16.3761879
-71.5064116 -16.3769483 -71.5069579 -16.3773356 -71.5070808 -16.3772125
-71.5035068 -16.3770221 -71.5036099 -16.3772552
-71.5054245 -16.3782367 -71.5057539 -16.3778013
-71.5054245 -16.3782367 -71.5047746 -16.3779859
-71.5054245 -16.3782367 -71.5056284 -16.3783101 -71.5060012 -16.3784091 -71.5060923 -16.3784631 -71.5061353 -16.3785005 -71.5061674 -16.3785532 -71.5063393 -16.3790327
-71.5069361 -16.374415 -71.5064047 -16.3740294
-71.5069361 -16.374415 -71.5074882 -16.3748157
-71.5069361 -16.374415 -71.5065118 -16.3748711
-71.5065118 -16.3748711 -71.5070586 -16.3752653
-71.5065118 -16.3748711 -71.5059754 -16.3744845
-71.5065118 -16.3748711 -71.5060702 -16.3753458
-71.5065118 -16.3748711 -71.5069361 -16.374415
-71.5060702 -16.3753458 -71.5060262 -16.3754021
-71.5060702 -16.3753458 -71.5065118 -16.3748711
-71.5060702 -16.3753458 -71.5063584 -16.3755494 -71.5066329 -16.3757432
-71.5060262 -16.3754021 -71.5054779 -16.375012
-71.5060262 -16.3754021 -71.5060702 -16.3753458
-71.5060262 -16.3754021 -71.5060032 -16.3754291 -71.5059574 -16.3754943 -71.5053456 -16.3761384 -71.5053046 -16.3761886
-71.5071735 -16.3761335 -71.5073452 -16.3762575
-71.5071735 -16.3761335 -71.5071226 -16.3761879
-71.5071735 -16.3761335 -71.5076122 -16.3756644
-71.5053046 -16.3761886 -71.5047366 -16.3758219
-71.5053046 -16.3761886 -71.5058683 -16.3765908
-71.5053046 -16.3761886 -71.5046594 -16.3770331
-71.5053046 -16.3761886 -71.5053456 -16.3761384 -71.5059574 -16.3754943 -71.5060032 -16.3754291 -71.5060262 -16.3754021
-71.5071226 -16.3761879 -71.5065785 -16.3758001
-71.5071226 -16.3761879 -71.5064116 -16.3769483
-71.5071226 -16.3761879 -71.5071735 -16.3761335
-71.5046594 -16.3770331 -71.5041137 -16.3777158
-71.5046594 -16.3770331 -71.5053046 -16.3761886
-71.5046594 -16.3770331 -71.5040972 -16.3766384
-71.5046594 -16.3770331 -71.5052566 -16.3774522
-71.5041137 -16.3777158 -71.5047746 -16.3779859
-71.5041137 -16.3777158 -71.5046594 -16.3770331
-71.5041137 -16.3777158 -71.5038082 -16.377604 -71.5037739 -16.3775873 -71.5037531 -16.3775682 -71.5037341 -16.3775356 -71.5036099 -16.3772552
-71.5064047 -16.3740294 -71.5058768 -16.3736551
-71.5064047 -16.3740294 -71.5069361 -16.374415
-71.5064047 -16.3740294 -71.5059754 -16.3744845
-71.5059754 -16.3744845 -71.5065118 -16.3748711
-71.5059754 -16.3744845 -71.5054454 -16.3741025
-71.5059754 -16.3744845 -71.5055268 -16.3749602
-71.5059754 -16.3744845 -71.5064047 -16.3740294
-71.5055268 -16.3749602 -71.5060702 -16.3753458
-71.5055268 -16.3749602 -71.5054779 -16.375012
-71.5055268 -16.3749602 -71.5059754 -16.3744845
-71.5054779 -16.375012 -71.5052143 -16.3748242
-71.5054779 -16.375012 -71.5055268 -16.3749602
-71.5054779 -16.375012 -71.5054553 -16.375035 -71.5047868 -16.3757482 -71.5047366 -16.3758219
-71.5047366 -16.3758219 -71.5041682 -16.3754125
-71.5047366 -16.3758219 -71.5053046 -16.3761886
-71.5047366 -16.3758219 -71.5040972 -16.3766384
-71.5047366 -16.3758219 -71.5047868 -16.3757482 -71.5054553 -16.375035 -71.5054779 -16.375012
-71.5040972 -16.3766384 -71.5036099 -16.3772552
-71.5040972 -16.3766384 -71.5047366 -16.3758219
-71.5040972 -16.3766384 -71.5046594 -16.3770331
-71.5040972 -16.3766384 -71.5036161 -16.3762908 -71.503602 -16.3761664 -71.5036156 -16.3760629 -71.5041682 -16.3754125
-71.5036099 -16.3772552 -71.5035068 -16.3770221
-71.5036099 -16.3772552 -71.5040972 -16.3766384
-71.5036099 -16.3772552 -71.5037341 -16.3775356 -71.5037531 -16.3775682 -71.5037739 -16.3775873 -71.5038082 -16.377604 -71.5041137 -16.3777158
-71.5032682 -16.3754559 -71.5036477 -16.3750416
-71.5032682 -16.3754559 -71.5032379 -16.3754889 -71.5028269 -16.3759655 -71.5027352 -16.3761043
-71.5032682 -16.3754559 -71.5029725 -16.3752396 -71.5027456 -16.3750445
-71.5041667 -16.3725159 -71.5036079 -16.3721445
-71.5041667 -16.3725159 -71.5047298 -16.3728902
-71.5041667 -16.3725159 -71.5038162 -16.3728951
-71.5041667 -16.3725159 -71.5042712 -16.3723706 -71.5046072 -16.371829 -71.5046879 -16.3717172
-71.5047298 -16.3728902 -71.5041667 -16.3725159
-71.5047298 -16.3728902 -71.5052839 -16.3732554
-71.5047298 -16.3728902 -71.5043494 -16.3732956
-71.5038162 -16.3728951 -71.5043494 -16.3732956
-71.5038162 -16.3728951 -71.503288 -16.3724956
-71.5038162 -16.3728951 -71.5033484 -16.373401
-71.5038162 -16.3728951 -71.5041667 -16.3725159
-71.5043494 -16.3732956 -71.5048822 -16.3736939
-71.5043494 -16.3732956 -71.5038162 -16.3728951
-71.5043494 -16.3732956 -71.5038846 -16.373791
-71.5043494 -16.3732956 -71.5047298 -16.3728902
-71.5033484 -16.373401 -71.5038846 -16.373791
-71.5033484 -16.373401 -71.5032997 -16.3734538
-71.5033484 -16.373401 -71.5038162 -16.3728951
-71.5032997 -16.3734538 -71.5027789 -16.3730833
-71.5032997 -16.3734538 -71.5025801 -16.3742321
-71.5032997 -16.3734538 -71.5033484 -16.373401
-71.5038846 -16.373791 -71.504176 -16.3739944
-71.5038846 -16.373791 -71.5038402 -16.3738383
-71.5038846 -16.373791 -71.5043494 -16.3732956
-71.5038402 -16.3738383 -71.5032997 -16.3734538
-71.5038402 -16.3738383 -71.5030976 -16.3746658
-71.5038402 -16.3738383 -71.5038846 -16.373791
-71.5025801 -16.3742321 -71.5020702 -16.3738716
-71.5025801 -16.3742321 -71.5030976 -16.3746658
-71.5025801 -16.3742321 -71.5022135 -16.3746407
-71.5025801 -16.3742321 -71.5032997 -16.3734538
-71.5030976 -16.3746658 -71.5025801 -16.3742321
-71.5030976 -16.3746658 -71.5036477 -16.3750416
-71.5030976 -16.3746658 -71.5027456 -16.3750445
-71.5030976 -16.3746658 -71.5038402 -16.3738383
-71.5022135 -16.3746407 -71.5017084 -16.3742733
-71.5022135 -16.3746407 -71.5027456 -16.3750445
-71.5022135 -16.3746407 -71.5020842 -16.3748242
-71.5022135 -16.3746407 -71.5025801 -16.3742321
-71.5027456 -16.3750445 -71.5022135 -16.3746407
-71.5027456 -16.3750445 -71.5030976 -16.3746658
-71.5027456 -16.3750445 -71.5029725 -16.3752396 -71.5032682 -16.3754559
-71.5181412 -16.3986087 -71.5179006 -16.3980321
-71.5181412 -16.3986087 -71.5184225 -16.399258
-71.5181412 -16.3986087 -71.5167595 -16.3988998 -71.5166067 -16.3989191 -71.5164253 -16.3989344
-71.5184225 -16.399258 -71.5189085 -16.3991698
-71.5184225 -16.399258 -71.5181412 -16.3986087
-71.5184225 -16.399258 -71.5184577 -16.3993453
-71.5184577 -16.3993453 -71.5184225 -16.399258
-71.5184577 -16.3993453 -71.5187071 -16.3998489
-71.5184577 -16.3993453 -71.5178623 -16.3994359 -71.5170425 -16.3994969 -71.5168358 -16.399507
-71.5015349 -16.3758817 -71.5025449 -16.3764714
-71.5015349 -16.3758817 -71.5006965 -16.3754789
-71.5015349 -16.3758817 -71.5013281 -16.3762414 -71.5013053 -16.3762539 -71.5012742 -16.3762508 -71.5008059 -16.3760095
-71.5015349 -16.3758817 -71.5017264 -16.3755315 -71.5027352 -16.3761043
-71.5025449 -16.3764714 -71.5027352 -16.3761043
-71.5025449 -16.3764714 -71.5015349 -16.3758817
-71.5025449 -16.3764714 -71.5029368 -16.376703 -71.5031047 -16.3767655
-71.5031047 -16.3767655 -71.5029368 -16.376703 -71.5025449 -16.3764714
-71.4991706 -16.3765573 -71.4986751 -16.3763212
-71.4991706 -16.3765573 -71.4998408 -16.37691
-71.4991706 -16.3765573 -71.4993934 -16.376191
-71.4991706 -16.3765573 -71.4989636 -16.3768978
-71.4985064 -16.3766797 -71.4982864 -16.3770992
-71.4985064 -16.3766797 -71.4986751 -16.3763212
-71.4985064 -16.3766797 -71.4989636 -16.3768978
-71.4989636 -16.3768978 -71.4996267 -16.3772691
-71.4989636 -16.3768978 -71.4991706 -16.3765573
-71.4989636 -16.3768978 -71.4985064 -16.3766797
-71.4989636 -16.3768978 -71.498721 -16.3772968
-71.4998408 -16.37691 -71.4996267 -16.3772691
-71.4998408 -16.37691 -71.5000591 -16.3765439
-71.4998408 -16.37691 -71.4991706 -16.3765573
-71.4996267 -16.3772691 -71.4998408 -16.37691
-71.4996267 -16.3772691 -71.4989636 -16.3768978
-71.4996267 -16.3772691 -71.4994398 -16.3775825 -71.4990506 -16.3774773 -71.498721 -16.3772968
-71.5006965 -16.3754789 -71.5015349 -16.3758817
-71.5006965 -16.3754789 -71.5005073 -16.3758556
-71.5006965 -16.3754789 -71.5000616 -16.3751509 -71.4998188 -16.3755007
-71.4998188 -16.3755007 -71.5005073 -16.3758556
-71.4998188 -16.3755007 -71.4996155 -16.3758257
-71.4998188 -16.3755007 -71.4994555 -16.3753016 -71.4993523 -16.3752928 -71.4992245 -16.3752682 -71.4991097 -16.3752009 -71.4990502 -16.3751094 -71.4990452 -16.375032 -71.4990752 -16.3749806
-71.4998188 -16.3755007 -71.5000616 -16.3751509 -71.5006965 -16.3754789
-71.5005073 -16.3758556 -71.4998188 -16.3755007
-71.5005073 -16.3758556 -71.5008059 -16.3760095
-71.5005073 -16.3758556 -71.5002699 -16.3761903
-71.5005073 -16.3758556 -71.5006965 -16.3754789
-71.4996155 -16.3758257 -71.5002699 -16.3761903
-71.4996155 -16.3758257 -71.4993934 -16.376191
-71.4996155 -16.3758257 -71.4998188 -16.3755007
-71.4996155 -16.3758257 -71.4990707 -16.3755434 -71.4988899 -16.3759225
-71.4988899 -16.3759225 -71.4993934 -16.376191
-71.4988899 -16.3759225 -71.4986751 -16.3763212
-71.4988899 -16.3759225 -71.4986459 -16.3756245
-71.4988899 -16.3759225 -71.4990707 -16.3755434 -71.4996155 -16.3758257
-71.5002699 -16.3761903 -71.4996155 -16.3758257
-71.5002699 -16.3761903 -71.5000591 -16.3765439
-71.5002699 -16.3761903 -71.5005073 -16.3758556
-71.5002699 -16.3761903 -71.5005624 -16.3763532 -71.5008059 -16.3760095
-71.4993934 -16.376191 -71.4988899 -16.3759225
-71.4993934 -16.376191 -71.5000591 -16.3765439
-71.4993934 -16.376191 -71.4996155 -16.3758257
-71.4993934 -16.376191 -71.4991706 -16.3765573
-71.5000591 -16.3765439 -71.4993934 -16.376191
-71.5000591 -16.3765439 -71.4998408 -16.37691
-71.5000591 -16.3765439 -71.5002699 -16.3761903
-71.498721 -16.3772968 -71.4982864 -16.3770992
-71.498721 -16.3772968 -71.4989636 -16.3768978
-71.498721 -16.3772968 -71.4990506 -16.3774773 -71.4994398 -16.3775825 -71.4996267 -16.3772691
-71.519785 -16.3991009 -71.5189369 -16.3992571
-71.519785 -16.3991009 -71.5197565 -16.399016
-71.5214772 -16.3960771 -71.5224922 -16.39541
-71.5214772 -16.3960771 -71.5210108 -16.3957032
-71.5214772 -16.3960771 -71.5216714 -16.3962327 -71.5221677 -16.3966305
-71.5264654 -16.3922524 -71.5254574 -16.3911819
-71.5264654 -16.3922524 -71.5270062 -16.3918063
-71.5264654 -16.3922524 -71.5261385 -16.3925403
-71.5264654 -16.3922524 -71.5269495 -16.3927201
-71.5261385 -16.3925403 -71.5268514 -16.3929384
-71.5261385 -16.3925403 -71.5257526 -16.3922942
-71.5261385 -16.3925403 -71.5264654 -16.3922524
-71.5159594 -16.3841007 -71.5151773 -16.3846197
-71.5159594 -16.3841007 -71.5161556 -16.3845099
-71.5159594 -16.3841007 -71.5158298 -16.3839161 -71.5155781 -16.3835669
-71.5155781 -16.3835669 -71.514748 -16.3841164
-71.5155781 -16.3835669 -71.5151293 -16.3830283
-71.5155781 -16.3835669 -71.5158298 -16.3839161 -71.5159594 -16.3841007
-71.5161556 -16.3845099 -71.5159594 -16.3841007
-71.5161556 -16.3845099 -71.5158743 -16.3847377
-71.5161556 -16.3845099 -71.5163294 -16.3843961
-71.5163294 -16.3843961 -71.5161556 -16.3845099
-71.5134821 -16.3792086 -71.513663 -16.3794363 -71.5139001 -16.3797424 -71.5139064 -16.379759 -71.5139815 -16.3799571 -71.5139957 -16.3800838 -71.5139612 -16.3802218 -71.5138446 -16.3804344 -71.5136555 -16.3806827 -71.5136354 -16.3807097 -71.513622 -16.3807387 -71.5136262 -16.3807603
-71.5112119 -16.3768188 -71.5105416 -16.3773739
-71.5112119 -16.3768188 -71.5106819 -16.3764984
-71.5112119 -16.3768188 -71.5115321 -16.3771625
-71.5105416 -16.3773739 -71.5102106 -16.377016
-71.5105416 -16.3773739 -71.510849 -16.3777224
-71.5105416 -16.3773739 -71.5095219 -16.3781798
-71.5105416 -16.3773739 -71.5112119 -16.3768188
-71.5115321 -16.3771625 -71.510849 -16.3777224
-71.5115321 -16.3771625 -71.5112119 -16.3768188
-71.5115321 -16.3771625 -71.5116361 -16.3772605 -71.5118101 -16.3775866 -71.5117217 -16.3779615 -71.5124242 -16.3787739 -71.5122875 -16.3789222
-71.510849 -16.3777224 -71.5105416 -16.3773739
-71.510849 -16.3777224 -71.5098391 -16.3785028
-71.510849 -16.3777224 -71.5115321 -16.3771625
-71.510849 -16.3777224 -71.5111486 -16.3780622 -71.5111747 -16.3780918
-71.5097824 -16.3785531 -71.5098391 -16.3785028
-71.5097824 -16.3785531 -71.5096404 -16.3784105 -71.5094571 -16.3782301
-71.5111747 -16.3780918 -71.5116172 -16.3785936
-71.5111747 -16.3780918 -71.5101632 -16.3788465
-71.5111747 -16.3780918 -71.5111486 -16.3780622 -71.510849 -16.3777224
-71.5079765 -16.373927 -71.5077838 -16.3737375 -71.5077584 -16.3736731 -71.5075783 -16.3734759 -71.5073251 -16.3732922 -71.506868 -16.3729903
-71.5079765 -16.373927 -71.5079512 -16.3739456 -71.5077709 -16.37412
-71.5062861 -16.3726833 -71.5062161 -16.3727653
-71.5062861 -16.3726833 -71.5061205 -16.372574 -71.5055859 -16.3722053 -71.5052819 -16.3720478 -71.505196 -16.3720037
-71.5062861 -16.3726833 -71.5067977 -16.3729482 -71.506868 -16.3729903
-71.5046879 -16.3717172 -71.5043067 -16.3714607
-71.5046879 -16.3717172 -71.5046072 -16.371829 -71.5042712 -16.3723706 -71.5041667 -16.3725159
-71.5046879 -16.3717172 -71.5049262 -16.3718394 -71.505196 -16.3720037
-71.5039372 -16.3712121 -71.5043067 -16.3714607
-71.5039372 -16.3712121 -71.5035636 -16.3710276 -71.5035518 -16.3710168
-71.505196 -16.3720037 -71.5049262 -16.3718394 -71.5046879 -16.3717172
-71.505196 -16.3720037 -71.5052819 -16.3720478 -71.5055859 -16.3722053 -71.5061205 -16.372574 -71.5062861 -16.3726833
-71.5010872 -16.3722613 -71.5011928 -16.3721251
-71.5010872 -16.3722613 -71.5008807 -16.3721086
-71.5010872 -16.3722613 -71.5009489 -16.3724398 -71.5009272 -16.372471 -71.5009426 -16.3725242 -71.5015358 -16.372929
-71.5011021 -16.3706597 -71.5009718 -16.3708306
-71.5005665 -16.3713605 -71.5002873 -16.3711618
-71.5005665 -16.3713605 -71.5011501 -16.3717549
-71.5005665 -16.3713605 -71.5002994 -16.3716787
-71.5005665 -16.3713605 -71.5008549 -16.3709839
-71.5008549 -16.3709839 -71.5005665 -16.3713605
-71.5008549 -16.3709839 -71.5009718 -16.3708306
-71.5008549 -16.3709839 -71.5006351 -16.3708199
-71.5003061 -16.3705743 -71.4999848 -16.3703344
-71.5003061 -16.3705743 -71.5006351 -16.3708199
-71.5003061 -16.3705743 -71.5000081 -16.3709693
-71.4997651 -16.3712836 -71.4988164 -16.3705986
-71.4997651 -16.3712836 -71.5002994 -16.3716787
-71.4997651 -16.3712836 -71.5000081 -16.3709693
-71.5012845 -16.3737168 -71.5014012 -16.373996
-71.5012845 -16.3737168 -71.5010566 -16.3731235
-71.5012845 -16.3737168 -71.5004598 -16.3732495 -71.5003456 -16.3731812 -71.5002626 -16.3731015
-71.4990752 -16.3749806 -71.4983391 -16.3745698 -71.4981142 -16.3744693 -71.4980622 -16.3744259 -71.4980404 -16.3743805 -71.4979453 -16.3740716
-71.4990752 -16.3749806 -71.4990452 -16.375032 -71.4990502 -16.3751094 -71.4991097 -16.3752009 -71.4992245 -16.3752682 -71.4993523 -16.3752928 -71.4994555 -16.3753016 -71.4998188 -16.3755007
-71.4990752 -16.3749806 -71.4991054 -16.3749208 -71.4992729 -16.3747447
-71.4992729 -16.3747447 -71.4992278 -16.3746348
-71.4992729 -16.3747447 -71.4991054 -16.3749208 -71.4990752 -16.3749806
-71.4992729 -16.3747447 -71.499423 -16.3746368 -71.4998147 -16.3743844 -71.5000578 -16.3742496 -71.5000977 -16.3742034 -71.5001263 -16.3741556 -71.5001459 -16.3741049 -71.5001584 -16.3740426 -71.5001557 -16.3739591 -71.5001334 -16.3738826 -71.4998924 -16.3734685 -71.4998605 -16.3733826 -71.4998656 -16.3733028
-71.4998656 -16.3733028 -71.4997855 -16.373293
-71.4998656 -16.3733028 -71.4998605 -16.3733826 -71.4998924 -16.3734685 -71.5001334 -16.3738826 -71.5001557 -16.3739591 -71.5001584 -16.3740426 -71.5001459 -16.3741049 -71.5001263 -16.3741556 -71.5000977 -16.3742034 -71.5000578 -16.3742496 -71.4998147 -16.3743844 -71.499423 -16.3746368 -71.4992729 -16.3747447
-71.4998656 -16.3733028 -71.4998943 -16.3732396 -71.4999453 -16.3731865 -71.5000022 -16.3731547 -71.5001691 -16.3731036
-71.4990478 -16.3731515 -71.4991482 -16.3729716
-71.4990478 -16.3731515 -71.4988187 -16.3729382
-71.4990478 -16.3731515 -71.4997855 -16.373293
-71.4990478 -16.3731515 -71.4990585 -16.3733716 -71.4990853 -16.3734407
-71.4991482 -16.3729716 -71.4981793 -16.3720612
-71.4991482 -16.3729716 -71.4990478 -16.3731515
-71.4991482 -16.3729716 -71.4992405 -16.3729069
-71.4979388 -16.3718356 -71.4981793 -16.3720612
-71.5002626 -16.3731015 -71.5001244 -16.3726787
-71.5002626 -16.3731015 -71.5001691 -16.3731036
-71.5002626 -16.3731015 -71.5003456 -16.3731812 -71.5004598 -16.3732495 -71.5012845 -16.3737168
-71.4990853 -16.3734407 -71.4994991 -16.3739109
-71.4990853 -16.3734407 -71.4988759 -16.3736214
-71.4990853 -16.3734407 -71.4990585 -16.3733716 -71.4990478 -16.3731515
-71.4994991 -16.3739109 -71.4994379 -16.3740826
-71.4994991 -16.3739109 -71.4997855 -16.373293
-71.4994991 -16.3739109 -71.4990853 -16.3734407
-71.4992278 -16.3746348 -71.4987411 -16.3744146
-71.4992278 -16.3746348 -71.4992729 -16.3747447
-71.4992278 -16.3746348 -71.4993647 -16.374275
-71.4977848 -16.3719834 -71.49803 -16.3722098
-71.4988187 -16.3729382 -71.49803 -16.3722098
-71.4988187 -16.3729382 -71.4990478 -16.3731515
-71.4988187 -16.3729382 -71.4984904 -16.3732336
-71.4981973 -16.3734972 -71.4984904 -16.3732336
-71.4981973 -16.3734972 -71.4974254 -16.3727955
-71.4981973 -16.3734972 -71.4985617 -16.3736931
-71.4981793 -16.3720612 -71.4979388 -16.3718356
-71.4981793 -16.3720612 -71.4991482 -16.3729716
-71.4981793 -16.3720612 -71.49803 -16.3722098
-71.4981793 -16.3720612 -71.4984277 -16.3718099 -71.498484 -16.3718148 -71.4994514 -16.3726779
-71.49803 -16.3722098 -71.4977848 -16.3719834
-71.49803 -16.3722098 -71.4988187 -16.3729382
-71.49803 -16.3722098 -71.4977455 -16.3724854
-71.49803 -16.3722098 -71.4981793 -16.3720612
-71.4988759 -16.3736214 -71.4984904 -16.3732336
-71.4988759 -16.3736214 -71.4990853 -16.3734407
-71.4988759 -16.3736214 -71.4987282 -16.3737671
-71.4984904 -16.3732336 -71.4981973 -16.3734972
-71.4984904 -16.3732336 -71.4988187 -16.3729382
-71.4984904 -16.3732336 -71.4977455 -16.3724854
-71.4984904 -16.3732336 -71.4988759 -16.3736214
-71.4977455 -16.3724854 -71.4974254 -16.3727955
-71.4977455 -16.3724854 -71.49803 -16.3722098
-71.4977455 -16.3724854 -71.4968448 -16.371776
-71.4977455 -16.3724854 -71.4984904 -16.3732336
-71.4968448 -16.371776 -71.4977455 -16.3724854
-71.4968448 -16.371776 -71.4968301 -16.3718521 -71.4967476 -16.3720786
-71.4968448 -16.371776 -71.4968535 -16.3717312 -71.4968445 -16.3716762 -71.4966179 -16.3715077 -71.4964033 -16.3712568 -71.4962732 -16.3710162 -71.4962558 -16.3709171 -71.4962799 -16.3708051 -71.4965039 -16.3704873 -71.496642 -16.3702235 -71.4967251 -16.3701888 -71.4968271 -16.3701952 -71.496855 -16.370222
-71.4966819 -16.3724054 -71.4967201 -16.3726595
-71.4966819 -16.3724054 -71.4955446 -16.3717093
-71.4966819 -16.3724054 -71.4966899 -16.3722767 -71.4967107 -16.3721641 -71.4967476 -16.3720786
-71.4967476 -16.3720786 -71.4957099 -16.3714379
-71.4967476 -16.3720786 -71.4974254 -16.3727955
-71.4967476 -16.3720786 -71.4967107 -16.3721641 -71.4966899 -16.3722767 -71.4966819 -16.3724054
-71.4967476 -16.3720786 -71.4968301 -16.3718521 -71.4968448 -16.371776
-71.4982135 -16.3770661 -71.4983658 -16.3766525
-71.4982135 -16.3770661 -71.4982864 -16.3770992
-71.4982135 -16.3770661 -71.497718 -16.3769505 -71.4976118 -16.3769194
-71.4986049 -16.3759979 -71.498484 -16.3763317
-71.4986049 -16.3759979 -71.4979288 -16.3758434
-71.4986049 -16.3759979 -71.4986751 -16.3763212
-71.4982864 -16.3770992 -71.4985064 -16.3766797
-71.4982864 -16.3770992 -71.498721 -16.3772968
-71.4982864 -16.3770992 -71.4982135 -16.3770661
-71.4986751 -16.3763212 -71.4991706 -16.3765573
-71.4986751 -16.3763212 -71.4985064 -16.3766797
-71.4986751 -16.3763212 -71.4988899 -16.3759225
-71.4986751 -16.3763212 -71.4986049 -16.3759979
-71.4982483 -16.3750429 -71.4981173 -16.3750434
-71.4982483 -16.3750429 -71.4980195 -16.3746704 -71.4978524 -16.3745892
-71.4982483 -16.3750429 -71.4983248 -16.3751681 -71.4984162 -16.3753095 -71.4986459 -16.3756245
-71.4976845 -16.3741814 -71.4979453 -16.3740716
-71.4976845 -16.3741814 -71.497563 -16.3740447 -71.4968274 -16.3733749
-71.4976845 -16.3741814 -71.4972291 -16.374342 -71.4972014 -16.3744043
-71.4985617 -16.3736931 -71.4981973 -16.3734972
-71.4985617 -16.3736931 -71.4987282 -16.3737671
-71.4985617 -16.3736931 -71.4983712 -16.3738191
-71.4994379 -16.3740826 -71.4989738 -16.3738763
-71.4994379 -16.3740826 -71.4993647 -16.374275
-71.4994379 -16.3740826 -71.4994991 -16.3739109
-71.4974254 -16.3727955 -71.4971183 -16.373075
-71.4974254 -16.3727955 -71.4977455 -16.3724854
-71.4974254 -16.3727955 -71.4967476 -16.3720786
-71.4974254 -16.3727955 -71.4981973 -16.3734972
-71.4950795 -16.3710524 -71.4957099 -16.3714379
-71.4950795 -16.3710524 -71.4950763 -16.3710024
-71.4950795 -16.3710524 -71.4951329 -16.3714609 -71.4955446 -16.3717093
-71.4950514 -16.3706141 -71.4957579 -16.3710465
-71.4950514 -16.3706141 -71.4945046 -16.3706207
-71.4950514 -16.3706141 -71.4950763 -16.3710024
-71.4950514 -16.3706141 -71.4950311 -16.3702771
-71.4933444 -16.3754043 -71.4937944 -16.3755254
-71.4961918 -16.3757484 -71.4968225 -16.3759089
-71.4961918 -16.3757484 -71.4961793 -16.3756311 -71.4961947 -16.3754773 -71.4961855 -16.3753118
-71.4961918 -16.3757484 -71.4960237 -16.3759366 -71.4959416 -16.3760313 -71.4958743 -16.3760699 -71.4958071 -16.3760672 -71.4937944 -16.3755254
-71.498484 -16.3763317 -71.4986049 -16.3759979
-71.498484 -16.3763317 -71.4983658 -16.3766525
-71.498484 -16.3763317 -71.4978486 -16.3761834
-71.4978524 -16.3745892 -71.4977519 -16.3749566
-71.4978524 -16.3745892 -71.4977649 -16.374554 -71.4977385 -16.3745486 -71.4972291 -16.3744448 -71.4972014 -16.3744043
-71.4978524 -16.3745892 -71.4980195 -16.3746704 -71.4982483 -16.3750429
-71.4974752 -16.376075 -71.4971967 -16.3760041
-71.4974752 -16.376075 -71.4978486 -16.3761834
-71.4974752 -16.376075 -71.4973049 -16.3768364
-71.4974752 -16.376075 -71.4975551 -16.3757596
-71.4973049 -16.3768364 -71.4974752 -16.376075
-71.4973049 -16.3768364 -71.4976118 -16.3769194
-71.4973049 -16.3768364 -71.4969327 -16.3767577 -71.4968126 -16.3767184 -71.4964901 -16.376555 -71.4963835 -16.3764991 -71.4963312 -16.376456 -71.4962474 -16.3764019 -71.4961897 -16.3764051 -71.4961213 -16.3764186 -71.4960623 -16.3764669 -71.4960227 -16.3764836 -71.4959456 -16.3764804 -71.4957874 -16.3764322 -71.495719 -16.3764238 -71.495562 -16.3764109 -71.4954333 -16.3763678 -71.4952572 -16.3762822 -71.4948914 -16.3761166 -71.4947674 -16.3760732 -71.4946755 -16.3760726 -71.4945556 -16.3760982 -71.494361 -16.3761735 -71.4942987 -16.3762327 -71.4942775 -16.3762703 -71.4942813 -16.3763118 -71.4943248 -16.3763723 -71.4943993 -16.3764144 -71.4945139 -16.3764497 -71.4946009 -16.3764709 -71.4947345 -16.3765008
-71.4977519 -16.3749566 -71.4976926 -16.3751464
-71.4977519 -16.3749566 -71.4978524 -16.3745892
-71.4977519 -16.3749566 -71.4970971 -16.3747806
-71.4977519 -16.3749566 -71.4981173 -16.3750434
-71.4975551 -16.3757596 -71.4974752 -16.376075
-71.4975551 -16.3757596 -71.497636 -16.375391
-71.4975551 -16.3757596 -71.4979288 -16.3758434
-71.4981173 -16.3750434 -71.4977519 -16.3749566
-71.4981173 -16.3750434 -71.4982483 -16.3750429
-71.4981173 -16.3750434 -71.4980131 -16.3754882
-71.4979288 -16.3758434 -71.4975551 -16.3757596
-71.4979288 -16.3758434 -71.4986049 -16.3759979
-71.4979288 -16.3758434 -71.4978486 -16.3761834
-71.4979288 -16.3758434 -71.4980131 -16.3754882
-71.4978486 -16.3761834 -71.4974752 -16.376075
-71.4978486 -16.3761834 -71.498484 -16.3763317
-71.4978486 -16.3761834 -71.4977439 -16.3765114
-71.4978486 -16.3761834 -71.4979288 -16.3758434
-71.4976118 -16.3769194 -71.4977439 -16.3765114
-71.4976118 -16.3769194 -71.4973049 -16.3768364
-71.4976118 -16.3769194 -71.497718 -16.3769505 -71.4982135 -16.3770661
-71.4983658 -16.3766525 -71.498484 -16.3763317
-71.4983658 -16.3766525 -71.4982135 -16.3770661
-71.4983658 -16.3766525 -71.4977439 -16.3765114
-71.4977439 -16.3765114 -71.4976118 -16.3769194
-71.4977439 -16.3765114 -71.4978486 -16.3761834
-71.4977439 -16.3765114 -71.4983658 -16.3766525
-71.4998408 -16.3698409 -71.4999843 -16.3698126 -71.5000494 -16.3697528 -71.5001366 -16.3696621 -71.5001614 -16.3696125 -71.5001406 -16.3695398 -71.5000205 -16.3695012 -71.4999622 -16.3695025 -71.4997557 -16.3694839 -71.4995914 -16.3694311 -71.499177 -16.369222 -71.4990288 -16.3691583 -71.4987646 -16.3690959 -71.4985722 -16.3691004 -71.4982543 -16.3690734 -71.498141 -16.3690522 -71.4978748 -16.368854 -71.4977071 -16.3687208 -71.4974207 -16.3683332
-71.5018417 -16.3798667 -71.5022778 -16.3797769
-71.5018417 -16.3798667 -71.5008475 -16.3800712
-71.5018417 -16.3798667 -71.5017258 -16.3794275
-71.5018417 -16.3798667 -71.5019448 -16.3802691 -71.5009241 -16.3805047
-71.5017258 -16.3794275 -71.5029261 -16.3791789
-71.5017258 -16.3794275 -71.5007387 -16.3796321
-71.5017258 -16.3794275 -71.5015999 -16.3789501
-71.5017258 -16.3794275 -71.5018417 -16.3798667
-71.4999899 -16.3793183 -71.4998067 -16.3793602
-71.4999899 -16.3793183 -71.5006249 -16.3791731
-71.4999899 -16.3793183 -71.4999676 -16.3797919
-71.4999676 -16.3797919 -71.4999573 -16.3802543
-71.4999676 -16.3797919 -71.5007387 -16.3796321
-71.4999676 -16.3797919 -71.4990661 -16.3799787
-71.4999676 -16.3797919 -71.4999899 -16.3793183
-71.4999573 -16.3802543 -71.5008475 -16.3800712
-71.4999573 -16.3802543 -71.4993904 -16.3803709
-71.4999573 -16.3802543 -71.4999154 -16.381144
-71.4999573 -16.3802543 -71.4999676 -16.3797919
-71.4999154 -16.381144 -71.4999573 -16.3802543
-71.4999154 -16.381144 -71.499578 -16.381193
-71.4999154 -16.381144 -71.4999463 -16.3812051 -71.5004913 -16.382041
-71.4999154 -16.381144 -71.5005687 -16.3809935 -71.5010195 -16.3809101 -71.501385 -16.3808001
-71.5004913 -16.382041 -71.5003765 -16.3819942 -71.4998351 -16.3816268 -71.4996767 -16.381491 -71.4996045 -16.3813789 -71.499582 -16.3812859 -71.499578 -16.381193
-71.5004913 -16.382041 -71.5006034 -16.382045 -71.5010079 -16.3818732
-71.5004913 -16.382041 -71.5009357 -16.382706 -71.5009914 -16.382722 -71.501357 -16.3825467
-71.5004913 -16.382041 -71.4999463 -16.3812051 -71.4999154 -16.381144
-71.5010079 -16.3818732 -71.5014183 -16.3816989
-71.5010079 -16.3818732 -71.501357 -16.3825467
-71.5010079 -16.3818732 -71.5006034 -16.382045 -71.5004913 -16.382041
-71.5014183 -16.3816989 -71.5010079 -16.3818732
-71.5014183 -16.3816989 -71.5018387 -16.3815204
-71.5014183 -16.3816989 -71.5017165 -16.3823743
-71.5033161 -16.3819571 -71.5037821 -16.3818711
-71.5033161 -16.3819571 -71.5032495 -16.3812445
-71.5033161 -16.3819571 -71.5028832 -16.3820284 -71.5023972 -16.3821124 -71.5021937 -16.3821426
-71.5033161 -16.3819571 -71.5033373 -16.3821433 -71.5033307 -16.382303 -71.5033043 -16.3825158
-71.5033043 -16.3825158 -71.5033307 -16.382303 -71.5033373 -16.3821433 -71.5033161 -16.3819571
-71.502889 -16.3823709 -71.5023536 -16.382458
-71.5023536 -16.382458 -71.5020181 -16.3825844
-71.5023536 -16.382458 -71.502889 -16.3823709
-71.5023536 -16.382458 -71.5021937 -16.3821426
-71.5023536 -16.382458 -71.502517 -16.3828893 -71.5022153 -16.3830489
-71.5015424 -16.3828491 -71.5020181 -16.3825844
-71.5015424 -16.3828491 -71.501357 -16.3825467
-71.5015424 -16.3828491 -71.5019944 -16.3831635 -71.5022153 -16.3830489
-71.501357 -16.3825467 -71.5017165 -16.3823743
-71.501357 -16.3825467 -71.5010079 -16.3818732
-71.501357 -16.3825467 -71.5015424 -16.3828491
-71.501357 -16.3825467 -71.5009914 -16.382722 -71.5009357 -16.382706 -71.5004913 -16.382041
-71.5155224 -16.4020844 -71.5158612 -16.4023894 -71.5162564 -16.40273 -71.5163781 -16.4028393
-71.5152941 -16.4007151 -71.5146306 -16.4011751
-71.5152941 -16.4007151 -71.5158792 -16.400312
-71.5152941 -16.4007151 -71.515035 -16.400258 -71.5149465 -16.4000425
-71.5149465 -16.4000425 -71.515035 -16.400258 -71.5152941 -16.4007151
-71.5207749 -16.3975206 -71.520603 -16.3976242
-71.5207749 -16.3975206 -71.5204355 -16.3970001 -71.5200509 -16.3964143
-71.5160082 -16.3915422 -71.516073 -16.391497 -71.5167078 -16.3910538 -71.5167404 -16.3910311
-71.5160082 -16.3915422 -71.515946 -16.3915863 -71.5149499 -16.3922926 -71.5148992 -16.3923277
-71.5160082 -16.3915422 -71.5159613 -16.3914869 -71.5155697 -16.3910258 -71.5155243 -16.3909724
-71.5160082 -16.3915422 -71.5160552 -16.3915974 -71.516425 -16.3920325 -71.5164697 -16.3920852
-71.5167685 -16.3945364 -71.5161181 -16.3950659
-71.5167685 -16.3945364 -71.5178514 -16.393674
-71.5167685 -16.3945364 -71.5163067 -16.3939537
-71.5167685 -16.3945364 -71.5172089 -16.3950593
-71.5105912 -16.3793964 -71.5102641 -16.3790634
-71.5105912 -16.3793964 -71.5106457 -16.3793536
-71.5105912 -16.3793964 -71.5099523 -16.3798756 -71.5095819 -16.3801701
-71.5057539 -16.3778013 -71.5054245 -16.3782367
-71.5057539 -16.3778013 -71.5064116 -16.3769483
-71.5057539 -16.3778013 -71.5052566 -16.3774522
-71.5057539 -16.3778013 -71.5067694 -16.3785141
-71.5076122 -16.3756644 -71.5081871 -16.3760788
-71.5076122 -16.3756644 -71.5070586 -16.3752653
-71.5076122 -16.3756644 -71.5071735 -16.3761335
-71.5076122 -16.3756644 -71.5079131 -16.3753426 -71.5080348 -16.3752124
-71.5099839 -16.3945094 -71.5097403 -16.3948332
-71.5099839 -16.3945094 -71.5094371 -16.3938538
-71.5099839 -16.3945094 -71.5100191 -16.3945531 -71.5100858 -16.3946359 -71.5101241 -16.3946936
-71.5178514 -16.393674 -71.5167685 -16.3945364
-71.5178514 -16.393674 -71.5173721 -16.3931322
-71.5178514 -16.393674 -71.518312 -16.3941785
-71.5178514 -16.393674 -71.5184836 -16.3931716 -71.51852 -16.3931427
-71.518312 -16.3941785 -71.5189612 -16.3936508
-71.518312 -16.3941785 -71.5172089 -16.3950593
-71.518312 -16.3941785 -71.5178514 -16.393674
-71.518312 -16.3941785 -71.5187608 -16.3946994
-71.5187608 -16.3946994 -71.5176209 -16.3955675
-71.5187608 -16.3946994 -71.5194028 -16.3941792
-71.5187608 -16.3946994 -71.518312 -16.3941785
-71.5187608 -16.3946994 -71.5191959 -16.3952044
-71.5159744 -16.3863716 -71.515557 -16.3858387
-71.5159744 -16.3863716 -71.5163944 -16.3869077
-71.5159744 -16.3863716 -71.5153307 -16.3868841 -71.5152906 -16.3869161
-71.512916 -16.3879262 -71.5128572 -16.3879716 -71.5118783 -16.3887513
-71.512916 -16.3879262 -71.5129662 -16.3878845 -71.5135904 -16.387384 -71.5136563 -16.3873312
-71.512916 -16.3879262 -71.5128706 -16.3878715 -71.5124845 -16.3874067
-71.512916 -16.3879262 -71.5129587 -16.3879729 -71.5133118 -16.3883936 -71.5133492 -16.3884382
-71.5118783 -16.3887513 -71.5128572 -16.3879716 -71.512916 -16.3879262
-71.5118783 -16.3887513 -71.5114805 -16.3882883 -71.5114726 -16.3882519 -71.5114773 -16.3882149 -71.5114941 -16.3881813 -71.5124845 -16.3874067
-71.5118783 -16.3887513 -71.5121021 -16.3889851 -71.5123202 -16.3892338
-71.5161389 -16.3880266 -71.5162067 -16.3879816
-71.5161389 -16.3880266 -71.5160994 -16.3880527 -71.5149966 -16.3887803 -71.5149234 -16.3888276
-71.5161389 -16.3880266 -71.5160791 -16.3879557 -71.5157143 -16.3875228 -71.5156663 -16.3874685
-71.5165914 -16.3885458 -71.516655 -16.3885035
-71.5165914 -16.3885458 -71.5165444 -16.3885771 -71.5154402 -16.3893116 -71.5153789 -16.3893524
-71.5165914 -16.3885458 -71.5165319 -16.3884792 -71.5161977 -16.3880943 -71.5161389 -16.3880266
-71.5148992 -16.3923277 -71.5149499 -16.3922926 -71.515946 -16.3915863 -71.5160082 -16.3915422
-71.5148992 -16.3923277 -71.5148425 -16.3923693 -71.5144346 -16.3926692 -71.5143652 -16.3927188
-71.5148992 -16.3923277 -71.5148508 -16.3922696 -71.5144666 -16.3918087 -71.5144066 -16.3917367
-71.5148992 -16.3923277 -71.5149447 -16.3923833 -71.5153257 -16.3928496
-71.512594 -16.3902604 -71.5127483 -16.3905962
-71.512594 -16.3902604 -71.512591 -16.3901955 -71.5125974 -16.3901588 -71.5126261 -16.390125 -71.5127647 -16.3900601 -71.5129503 -16.3899834
-71.512594 -16.3902604 -71.512001 -16.3904946 -71.5119435 -16.3905464 -71.5118962 -16.3906307 -71.5117678 -16.390715 -71.5117434 -16.3907301 -71.5117245 -16.3907512 -71.5117127 -16.3907766 -71.511709 -16.3908043 -71.5117137 -16.3908317 -71.5118839 -16.3911725 -71.5120398 -16.3914282
-71.5173354 -16.387237 -71.5168081 -16.3866397
-71.5173354 -16.387237 -71.517579 -16.387513
-71.5173354 -16.387237 -71.5162368 -16.3879618 -71.5162067 -16.3879816
-71.5160388 -16.3949637 -71.5157487 -16.3945897
-71.5160388 -16.3949637 -71.5161181 -16.3950659
-71.5160388 -16.3949637 -71.515359 -16.3954181 -71.5150784 -16.3956056
-71.5150784 -16.3956056 -71.5147936 -16.3952217
-71.5150784 -16.3956056 -71.515697 -16.3964394
-71.5150784 -16.3956056 -71.515359 -16.3954181 -71.5160388 -16.3949637
-71.5157487 -16.3945897 -71.5156323 -16.3944397
-71.5157487 -16.3945897 -71.5160388 -16.3949637
-71.5157487 -16.3945897 -71.5153048 -16.3948835
-71.5147936 -16.3952217 -71.5153048 -16.3948835
-71.5147936 -16.3952217 -71.5150784 -16.3956056
-71.5147936 -16.3952217 -71.5144916 -16.3948145 -71.5144887 -16.3947816 -71.5144956 -16.3947492 -71.5145116 -16.39472 -71.5145355 -16.3946962 -71.5149696 -16.3944184
-71.5166202 -16.3958388 -71.5164879 -16.3956351
-71.5166202 -16.3958388 -71.5166504 -16.3958852 -71.5167899 -16.3960906
-71.5166202 -16.3958388 -71.5160258 -16.3962255 -71.515697 -16.3964394
-71.515697 -16.3964394 -71.5150784 -16.3956056
-71.515697 -16.3964394 -71.5159011 -16.3967146
-71.515697 -16.3964394 -71.5160258 -16.3962255 -71.5166202 -16.3958388
-71.5167899 -16.3960906 -71.5168574 -16.39619
-71.5167899 -16.3960906 -71.5159011 -16.3967146
-71.5167899 -16.3960906 -71.5166504 -16.3958852 -71.5166202 -16.3958388
-71.5159011 -16.3967146 -71.5167899 -16.3960906
-71.5159011 -16.3967146 -71.515697 -16.3964394
-71.5159011 -16.3967146 -71.5163266 -16.3972881 -71.5163678 -16.3973437
-71.5153948 -16.3941509 -71.5156323 -16.3944397
-71.5153948 -16.3941509 -71.5149696 -16.3944184
-71.5153948 -16.3941509 -71.5153031 -16.3940255 -71.5151403 -16.3938009 -71.5151056 -16.3937531
-71.5083456 -16.3817629 -71.5079361 -16.3815932
-71.5083456 -16.3817629 -71.5081758 -16.3818825 -71.5081321 -16.3819354
-71.5083456 -16.3817629 -71.5084094 -16.3817799 -71.5084788 -16.3817675 -71.5085402 -16.3817343 -71.5088594 -16.3815169
-71.5078894 -16.3815764 -71.5079361 -16.3815932
-71.5078894 -16.3815764 -71.5077125 -16.3815062 -71.5075218 -16.3814613 -71.5071608 -16.3814179 -71.5070688 -16.3814219 -71.5066851 -16.3814384 -71.5066169 -16.3814321 -71.5064985 -16.3814211 -71.5063271 -16.3813869 -71.5062165 -16.3813743 -71.5061021 -16.3813533 -71.5059929 -16.3813439 -71.50589 -16.3813262 -71.5057507 -16.3813001 -71.5056828 -16.3812857 -71.5055846 -16.3812629
-71.5078894 -16.3815764 -71.5077969 -16.3816773 -71.507687 -16.3818021 -71.507623 -16.3819318 -71.5076025 -16.3819732 -71.5075264 -16.3821994
-71.5086407 -16.3836581 -71.5085125 -16.3835172
-71.5086407 -16.3836581 -71.5088412 -16.3838344
-71.5086407 -16.3836581 -71.508377 -16.3839032 -71.5082563 -16.3840368
-71.514207 -16.3933189 -71.5141607 -16.3932587 -71.5139971 -16.3930457 -71.5139591 -16.3929964
-71.514207 -16.3933189 -71.5142354 -16.3933593 -71.5143882 -16.3935765 -71.5144252 -16.393629
-71.514207 -16.3933189 -71.5141581 -16.3933509 -71.5137435 -16.3936225 -71.5136989 -16.3936499
-71.5136989 -16.3936499 -71.5138247 -16.3938325
-71.5136989 -16.3936499 -71.5136638 -16.3936047 -71.5135481 -16.3934559
-71.5136989 -16.3936499 -71.5137435 -16.3936225 -71.5141581 -16.3933509 -71.514207 -16.3933189
-71.5079104 -16.3822952 -71.5076292 -16.3825272
-71.5079104 -16.3822952 -71.5079526 -16.3822583
-71.5079104 -16.3822952 -71.5084877 -16.3829382
-71.4900682 -16.3698461 -71.489971 -16.3697901 -71.4897437 -16.3696428 -71.4891952 -16.3693899 -71.4889524 -16.3692162 -71.4888994 -16.3691746
-71.4900682 -16.3698461 -71.4900785 -16.3697637 -71.4900674 -16.3696659 -71.490056 -16.3695835 -71.4901 -16.3694701 -71.4901131 -16.3694262 -71.4901516 -16.3692188 -71.4901741 -16.3690088
-71.4900682 -16.3698461 -71.4902257 -16.3699308 -71.4913614 -16.37002 -71.4918376 -16.3700574
-71.4858377 -16.3664935 -71.4866451 -16.3671207
-71.4858377 -16.3664935 -71.4855857 -16.3668743
-71.4858377 -16.3664935 -71.4853317 -16.3661252
-71.4858377 -16.3664935 -71.4858954 -16.3663345 -71.4859195 -16.3662509 -71.4858779 -16.3661428
-71.4823213 -16.3608567 -71.4824528 -16.3610896 -71.482603 -16.3612724 -71.4827304 -16.3613714 -71.4830133 -16.36154 -71.4830509 -16.3615825 -71.4830616 -16.3616327 -71.4830442 -16.361679 -71.4829946 -16.3617305 -71.4829101 -16.3617459 -71.4828175 -16.3617176 -71.4827277 -16.3617047 -71.4826526 -16.361724 -71.4825466 -16.3618051 -71.482501 -16.3619621 -71.4825225 -16.3620599 -71.4826834 -16.3622066 -71.4831474 -16.3625411 -71.4832494 -16.3626299 -71.483301 -16.362729 -71.4833446 -16.3628364 -71.4833929 -16.3634805 -71.4834237 -16.3635751 -71.4837234 -16.3638775 -71.4840996 -16.3642448 -71.4842834 -16.3645086 -71.4844282 -16.3647145 -71.4846347 -16.364856 -71.4849485 -16.3649809 -71.4852959 -16.3650632 -71.4854541 -16.3651366 -71.4855413 -16.3652331 -71.4855748 -16.3653553 -71.4858779 -16.3661428
-71.5159059 -16.3995487 -71.5159024 -16.3994531
-71.5159059 -16.3995487 -71.5156658 -16.3995601 -71.5155276 -16.3995666
-71.5022153 -16.3830489 -71.5020181 -16.3825844
-71.5022153 -16.3830489 -71.5019944 -16.3831635 -71.5015424 -16.3828491
-71.5022153 -16.3830489 -71.502517 -16.3828893 -71.5023536 -16.382458
-71.5020181 -16.3825844 -71.5015424 -16.3828491
-71.5020181 -16.3825844 -71.5023536 -16.382458
-71.5020181 -16.3825844 -71.5022153 -16.3830489
-71.5040932 -16.381835 -71.5037821 -16.3818711
-71.5040932 -16.381835 -71.5042339 -16.3818186
-71.5040932 -16.381835 -71.504117 -16.3815384
-71.504117 -16.3815384 -71.5040932 -16.381835
-71.5045575 -16.3816367 -71.504549 -16.381782
-71.508556 -16.3791683 -71.5080117 -16.3790098
-71.508556 -16.3791683 -71.508965 -16.3793767
-71.508556 -16.3791683 -71.5087717 -16.3790005 -71.5090149 -16.3788007
-71.5091032 -16.3795389 -71.508965 -16.3793767
-71.508965 -16.3793767 -71.508556 -16.3791683
-71.508965 -16.3793767 -71.5091032 -16.3795389
-71.508965 -16.3793767 -71.5092863 -16.3790838
-71.5092863 -16.3790838 -71.508965 -16.3793767
-71.5092863 -16.3790838 -71.5090149 -16.3788007
-71.5092863 -16.3790838 -71.5093289 -16.3791283
-71.5076292 -16.3825272 -71.5079104 -16.3822952
-71.5076292 -16.3825272 -71.5075206 -16.3824172
-71.5076292 -16.3825272 -71.5079659 -16.3828848
-71.5079659 -16.3828848 -71.5076292 -16.3825272
-71.5037821 -16.3818711 -71.5033161 -16.3819571
-71.5037821 -16.3818711 -71.5040932 -16.381835
-71.5037821 -16.3818711 -71.5037226 -16.3815152
-71.5037226 -16.3815152 -71.5037821 -16.3818711
-71.5043659 -16.3819473 -71.5042339 -16.3818186
-71.5043659 -16.3819473 -71.504631 -16.382118 -71.50487 -16.3822614 -71.5048829 -16.3822704 -71.5051018 -16.3825938 -71.5051956 -16.382732 -71.5053215 -16.3827355 -71.5054615 -16.3826816 -71.5055 -16.3826822 -71.5056115 -16.3826841 -71.5058772 -16.3828043 -71.5061511 -16.382939 -71.5063904 -16.3830566 -71.5066394 -16.383179
-71.5043659 -16.3819473 -71.5040351 -16.3825175 -71.5040231 -16.3825419
-71.5040231 -16.3825419 -71.5036164 -16.3823773
-71.5040231 -16.3825419 -71.5040351 -16.3825175 -71.5043659 -16.3819473
-71.5040231 -16.3825419 -71.5040861 -16.3825741 -71.5043438 -16.3827066 -71.504923 -16.3830048 -71.5049618 -16.3830244
-71.5049618 -16.3830244 -71.504923 -16.3830048 -71.5043438 -16.3827066 -71.5040861 -16.3825741 -71.5040231 -16.3825419
-71.5009241 -16.3805047 -71.5008475 -16.3800712
-71.5009241 -16.3805047 -71.5009694 -16.3807612
-71.5009241 -16.3805047 -71.5019448 -16.3802691 -71.5018417 -16.3798667
-71.5007387 -16.3796321 -71.5017258 -16.3794275
-71.5007387 -16.3796321 -71.5008475 -16.3800712
-71.5007387 -16.3796321 -71.5006249 -16.3791731
-71.5007387 -16.3796321 -71.4999676 -16.3797919
-71.5006249 -16.3791731 -71.5011566 -16.3790515
-71.5006249 -16.3791731 -71.4999899 -16.3793183
-71.5006249 -16.3791731 -71.5007387 -16.3796321
-71.5008475 -16.3800712 -71.5018417 -16.3798667
-71.5008475 -16.3800712 -71.4999573 -16.3802543
-71.5008475 -16.3800712 -71.5007387 -16.3796321
-71.5008475 -16.3800712 -71.5009241 -16.3805047
-71.5009694 -16.3807612 -71.5009241 -16.3805047
-71.4997855 -16.373293 -71.4990478 -16.3731515
-71.4997855 -16.373293 -71.4998656 -16.3733028
-71.4997855 -16.373293 -71.4994991 -16.3739109
-71.478744 -16.3762469 -71.4790293 -16.3765659
-71.478744 -16.3762469 -71.4795519 -16.3753779
-71.478744 -16.3762469 -71.4785568 -16.3759966 -71.4785005 -16.3759104 -71.4784421 -16.3758185
-71.4768655 -16.3742465 -71.4773216 -16.3737575
-71.4768655 -16.3742465 -71.4777776 -16.3750667
-71.4768655 -16.3742465 -71.4758097 -16.3733609
-71.4758097 -16.3733609 -71.4763086 -16.3728487
-71.4758097 -16.3733609 -71.4768655 -16.3742465
-71.4758097 -16.3733609 -71.4756608 -16.3732418 -71.4754465 -16.3730652
-71.4754465 -16.3730652 -71.4751518 -16.3728069
-71.4754465 -16.3730652 -71.475474 -16.3723318 -71.4754805 -16.3720998
-71.4754465 -16.3730652 -71.4756608 -16.3732418 -71.4758097 -16.3733609
-71.4751518 -16.3728069 -71.4754465 -16.3730652
-71.4751518 -16.3728069 -71.4751122 -16.3726756 -71.4751149 -16.3726396 -71.4751538 -16.3725366 -71.4751538 -16.3724125 -71.4750847 -16.3723237 -71.4750069 -16.3722034 -71.4749962 -16.3721211
-71.4749962 -16.3721211 -71.4747991 -16.37211 -71.4743078 -16.3720369 -71.4740916 -16.3719595 -71.4739213 -16.3718186 -71.4737362 -16.3715812 -71.473576 -16.3714133 -71.4733225 -16.3711927 -71.4732327 -16.3711238 -71.4731247 -16.371064 -71.4729725 -16.3710061 -71.4728719 -16.3709533 -71.47278 -16.3708986 -71.4726627 -16.37077 -71.4725259 -16.3705023 -71.4724609 -16.3704097 -71.4723153 -16.3700989 -71.4720686 -16.3696647 -71.4719653 -16.3694967 -71.471846 -16.3692137 -71.4717239 -16.369011 -71.4715529 -16.3686456 -71.4713953 -16.3683354 -71.4713471 -16.3682061 -71.4712968 -16.3679938 -71.4712793 -16.3679269 -71.4711379 -16.3675261 -71.4710547 -16.3673865 -71.4709058 -16.3671587 -71.4708415 -16.3670172 -71.470814 -16.3669406 -71.4707208 -16.3667682 -71.4706061 -16.3666569 -71.4703486 -16.3663506 -71.4702863 -16.366312 -71.4702004 -16.3662683 -71.4701347 -16.3662322 -71.4699744 -16.3660804 -71.4698356 -16.3659762 -71.4697679 -16.3658842 -71.4691041 -16.3649313 -71.4688385 -16.3644867 -71.4687205 -16.3642551 -71.4685784 -16.3639946 -71.4684872 -16.3638273 -71.4683383 -16.3636542 -71.4681914 -16.3634792 -71.4680547 -16.363281 -71.4679051 -16.3631195 -71.4677958 -16.363034 -71.4676161 -16.3629387 -71.4674525 -16.3628834 -71.4672366 -16.3628281 -71.4669623 -16.3627123 -71.4664152 -16.3625546 -71.4658774 -16.3623751 -71.4656628 -16.3622896 -71.4653188 -16.3622188 -71.4651109 -16.3622079 -71.4650439 -16.3622143 -71.4649487 -16.3622548 -71.4648011 -16.3623018 -71.464655 -16.362334 -71.4645389 -16.3623385 -71.4644182 -16.3622973 -71.4642929 -16.362195 -71.464199 -16.3621326 -71.4640675 -16.3620805 -71.4638717 -16.3620129 -71.463751 -16.361955 -71.4634225 -16.3617047 -71.463283 -16.3616056 -71.4630597 -16.3614673 -71.462994 -16.3613804 -71.4629269 -16.3612415 -71.4629088 -16.3612054 -71.4628445 -16.3611475 -71.4627694 -16.3610813 -71.4626379 -16.3609043 -71.4624991 -16.360739 -71.4623747 -16.360632
-71.4749962 -16.3721211 -71.4750069 -16.372029 -71.4749593 -16.3719087 -71.4749627 -16.3718849 -71.4749721 -16.3718534 -71.4749996 -16.3718032 -71.4750619 -16.3716765 -71.47508 -16.3716083 -71.4751102 -16.3714191 -71.475127 -16.3713644 -71.4752376 -16.3711438 -71.4752457 -16.3711058 -71.4752269 -16.3709334 -71.4752296 -16.3708948 -71.4752517 -16.3708504 -71.4752758 -16.3708195 -71.4752959 -16.3708021 -71.4755635 -16.3706149 -71.475595 -16.3705712 -71.4756252 -16.370512 -71.4756594 -16.3704161 -71.475658 -16.370364 -71.4756547 -16.3703286 -71.4756225 -16.3701999 -71.4756192 -16.3701581 -71.4756306 -16.3699465 -71.4756165 -16.3697406 -71.4755769 -16.3694633 -71.4755662 -16.3693754
-71.4749962 -16.3721211 -71.4750069 -16.3722034 -71.4750847 -16.3723237 -71.4751538 -16.3724125 -71.4751538 -16.3725366 -71.4751149 -16.3726396 -71.4751122 -16.3726756 -71.4751518 -16.3728069
-71.4623747 -16.360632 -71.4623737 -16.3605981 -71.462363 -16.3605556 -71.4622235 -16.3603227 -71.4621578 -16.3601876 -71.4621444 -16.3600988 -71.4621645 -16.3599881 -71.4621967 -16.3599315 -71.4622356 -16.3599019 -71.4623053 -16.3598942
-71.4623747 -16.360632 -71.4624991 -16.360739 -71.4626379 -16.3609043 -71.4627694 -16.3610813 -71.4628445 -16.3611475 -71.4629088 -16.3612054 -71.4629269 -16.3612415 -71.462994 -16.3613804 -71.4630597 -16.3614673 -71.463283 -16.3616056 -71.4634225 -16.3617047 -71.463751 -16.361955 -71.4638717 -16.3620129 -71.4640675 -16.3620805 -71.464199 -16.3621326 -71.4642929 -16.362195 -71.4644182 -16.3622973 -71.4645389 -16.3623385 -71.464655 -16.362334 -71.4648011 -16.3623018 -71.4649487 -16.3622548 -71.4650439 -16.3622143 -71.4651109 -16.3622079 -71.4653188 -16.3622188 -71.4656628 -16.3622896 -71.4658774 -16.3623751 -71.4664152 -16.3625546 -71.4669623 -16.3627123 -71.4672366 -16.3628281 -71.4674525 -16.3628834 -71.4676161 -16.3629387 -71.4677958 -16.363034 -71.4679051 -16.3631195 -71.4680547 -16.363281 -71.4681914 -16.3634792 -71.4683383 -16.3636542 -71.4684872 -16.3638273 -71.4685784 -16.3639946 -71.4687205 -16.3642551 -71.4688385 -16.3644867 -71.4691041 -16.3649313 -71.4697679 -16.3658842 -71.4698356 -16.3659762 -71.4699744 -16.3660804 -71.4701347 -16.3662322 -71.4702004 -16.3662683 -71.4702863 -16.366312 -71.4703486 -16.3663506 -71.4706061 -16.3666569 -71.4707208 -16.3667682 -71.470814 -16.3669406 -71.4708415 -16.3670172 -71.4709058 -16.3671587 -71.4710547 -16.3673865 -71.4711379 -16.3675261 -71.4712793 -16.3679269 -71.4712968 -16.3679938 -71.4713471 -16.3682061 -71.4713953 -16.3683354 -71.4715529 -16.3686456 -71.4717239 -16.369011 -71.471846 -16.3692137 -71.4719653 -16.3694967 -71.4720686 -16.3696647 -71.4723153 -16.3700989 -71.4724609 -16.3704097 -71.4725259 -16.3705023 -71.4726627 -16.37077 -71.47278 -16.3708986 -71.4728719 -16.3709533 -71.4729725 -16.3710061 -71.4731247 -16.371064 -71.4732327 -16.3711238 -71.4733225 -16.3711927 -71.473576 -16.3714133 -71.4737362 -16.3715812 -71.4739213 -16.3718186 -71.4740916 -16.3719595 -71.4743078 -16.3720369 -71.4747991 -16.37211 -71.4749962 -16.3721211
-71.4623747 -16.360632 -71.4621826 -16.3604668 -71.4619989 -16.360342 -71.4618212 -16.3602339 -71.4615731 -16.3600306 -71.4611976 -16.3597912 -71.4609716 -16.3596446 -71.4608187 -16.359512 -71.4605767 -16.3593145 -71.4602072 -16.3590282 -71.4598779 -16.3587129 -71.4596674 -16.3584504 -71.4594099 -16.3580547 -71.4590424 -16.3575811 -71.4587367 -16.3571417 -71.4584557 -16.3566932 -71.4582679 -16.3564114 -71.4581714 -16.356293 -71.458044 -16.3562017 -71.45782 -16.3559797 -71.4575994 -16.3558356 -71.457364 -16.3556573 -71.4571407 -16.3553511 -71.4570824 -16.3552372 -71.4569885 -16.3549367 -71.4568383 -16.3546111 -71.4568035 -16.3545243 -71.4567411 -16.354254 -71.4566714 -16.3538082 -71.4565949 -16.3533121 -71.4565788 -16.3532645 -71.4565641 -16.3532207 -71.4564092 -16.353047 -71.4562187 -16.3528211 -71.4560343 -16.3524936
-71.4623053 -16.3598942 -71.4622356 -16.3599019 -71.4621967 -16.3599315 -71.4621645 -16.3599881 -71.4621444 -16.3600988 -71.4621578 -16.3601876 -71.4622235 -16.3603227 -71.462363 -16.3605556 -71.4623737 -16.3605981 -71.4623747 -16.360632
-71.4560343 -16.3524936 -71.4562187 -16.3528211 -71.4564092 -16.353047 -71.4565641 -16.3532207 -71.4565788 -16.3532645 -71.4565949 -16.3533121 -71.4566714 -16.3538082 -71.4567411 -16.354254 -71.4568035 -16.3545243 -71.4568383 -16.3546111 -71.4569885 -16.3549367 -71.4570824 -16.3552372 -71.4571407 -16.3553511 -71.457364 -16.3556573 -71.4575994 -16.3558356 -71.45782 -16.3559797 -71.458044 -16.3562017 -71.4581714 -16.356293 -71.4582679 -16.3564114 -71.4584557 -16.3566932 -71.4587367 -16.3571417 -71.4590424 -16.3575811 -71.4594099 -16.3580547 -71.4596674 -16.3584504 -71.4598779 -16.3587129 -71.4602072 -16.3590282 -71.4605767 -16.3593145 -71.4608187 -16.359512 -71.4609716 -16.3596446 -71.4611976 -16.3597912 -71.4615731 -16.3600306 -71.4618212 -16.3602339 -71.4619989 -16.360342 -71.4621826 -16.3604668 -71.4623747 -16.360632
-71.492959 -16.3671864 -71.4930327 -16.366902 -71.4930455 -16.3668718 -71.49303 -16.3668036 -71.4930767 -16.3666341
-71.4930767 -16.3666341 -71.4932041 -16.3667287 -71.4933301 -16.3667858 -71.4935011 -16.3668295 -71.4936416 -16.3670242 -71.4939286 -16.3671478 -71.4940788 -16.3671735 -71.494292 -16.3671735 -71.4945314 -16.3672166 -71.4945951 -16.3672539 -71.4946695 -16.3673093 -71.4949378 -16.3674302 -71.494974 -16.3674521 -71.4951094 -16.3675711 -71.4951362 -16.3676046 -71.4951885 -16.3676239 -71.4954118 -16.3676387 -71.4954896 -16.3676541 -71.4955111 -16.3676631 -71.4958386 -16.3678918 -71.4958507 -16.3679057 -71.4960623 -16.3681823 -71.4963399 -16.3685066
-71.4930767 -16.3666341 -71.49303 -16.3668036 -71.4930455 -16.3668718 -71.4930327 -16.366902 -71.492959 -16.3671864
-71.4930767 -16.3666341 -71.492963 -16.3665925 -71.4929194 -16.3665308 -71.4928517 -16.3664742 -71.4927323 -16.3664413 -71.4924661 -16.3664111 -71.4923447 -16.3664124 -71.4922368 -16.3663899 -71.4921811 -16.3663506 -71.4920986 -16.36624 -71.4920457 -16.3661197 -71.4919102 -16.3659086 -71.4918579 -16.3657986 -71.4918405 -16.3657787 -71.4916447 -16.365695 -71.4915702 -16.3656609 -71.4915099 -16.3655908 -71.4914784 -16.3655239 -71.4914683 -16.365464 -71.4915361 -16.3652871 -71.4915481 -16.3651481 -71.4915468 -16.365107 -71.4915206 -16.3650323 -71.4915086 -16.3649879 -71.4915065 -16.3647821 -71.4914878 -16.3647171 -71.4914314 -16.3646476 -71.4912289 -16.3644784 -71.4911364 -16.3644025 -71.4910526 -16.3643684 -71.4909533 -16.3643465 -71.4906898 -16.3642886 -71.4905624 -16.3642628 -71.4904772 -16.3642384 -71.4904048 -16.3641863 -71.4903277 -16.3640911 -71.4902982 -16.3639875 -71.4902493 -16.3638659 -71.4902054 -16.3638037
-71.4902054 -16.3638037 -71.4902493 -16.3638659 -71.4902982 -16.3639875 -71.4903277 -16.3640911 -71.4904048 -16.3641863 -71.4904772 -16.3642384 -71.4905624 -16.3642628 -71.4906898 -16.3642886 -71.4909533 -16.3643465 -71.4910526 -16.3643684 -71.4911364 -16.3644025 -71.4912289 -16.3644784 -71.4914314 -16.3646476 -71.4914878 -16.3647171 -71.4915065 -16.3647821 -71.4915086 -16.3649879 -71.4915206 -16.3650323 -71.4915468 -16.365107 -71.4915481 -16.3651481 -71.4915361 -16.3652871 -71.4914683 -16.365464 -71.4914784 -16.3655239 -71.4915099 -16.3655908 -71.4915702 -16.3656609 -71.4916447 -16.365695 -71.4918405 -16.3657787 -71.4918579 -16.3657986 -71.4919102 -16.3659086 -71.4920457 -16.3661197 -71.4920986 -16.36624 -71.4921811 -16.3663506 -71.4922368 -16.3663899 -71.4923447 -16.3664124 -71.4924661 -16.3664111 -71.4927323 -16.3664413 -71.4928517 -16.3664742 -71.4929194 -16.3665308 -71.492963 -16.3665925 -71.4930767 -16.3666341
-71.4902054 -16.3638037 -71.4902137 -16.3637983 -71.4902224 -16.3637803 -71.4902104 -16.3637526 -71.4901943 -16.3637237 -71.4901386 -16.3636832 -71.4900642 -16.3636111 -71.4899938 -16.3634715 -71.4899649 -16.363411 -71.4899247 -16.3633743 -71.4898878 -16.3633576 -71.4898248 -16.3633389 -71.4897359 -16.363326
-71.4902054 -16.3638037 -71.4901849 -16.363817 -71.4901601 -16.3638241 -71.4901346 -16.3638253 -71.4899898 -16.3637475 -71.4899375 -16.3636954 -71.4898778 -16.3636079 -71.4897484 -16.3633402 -71.4897359 -16.363326
-71.4897359 -16.363326 -71.4898248 -16.3633389 -71.4898878 -16.3633576 -71.4899247 -16.3633743 -71.4899649 -16.363411 -71.4899938 -16.3634715 -71.4900642 -16.3636111 -71.4901386 -16.3636832 -71.4901943 -16.3637237 -71.4902104 -16.3637526 -71.4902224 -16.3637803 -71.4902137 -16.3637983 -71.4902054 -16.3638037
-71.4897359 -16.363326 -71.4897484 -16.3633402 -71.4898778 -16.3636079 -71.4899375 -16.3636954 -71.4899898 -16.3637475 -71.4901346 -16.3638253 -71.4901601 -16.3638241 -71.4901849 -16.363817 -71.4902054 -16.3638037
-71.4937944 -16.3755254 -71.4933444 -16.3754043
-71.4937944 -16.3755254 -71.4939581 -16.3750229
-71.4937944 -16.3755254 -71.4958071 -16.3760672 -71.4958743 -16.3760699 -71.4959416 -16.3760313 -71.4960237 -16.3759366 -71.4961918 -16.3757484
-71.4952038 -16.3780502 -71.495211 -16.378431
-71.4952038 -16.3780502 -71.4952025 -16.3779828
-71.4952038 -16.3780502 -71.4946238 -16.378068
-71.4960824 -16.3788472 -71.496074 -16.378399
-71.4960824 -16.3788472 -71.496704 -16.3788337
-71.4960824 -16.3788472 -71.4952213 -16.3788723
-71.496074 -16.378399 -71.4960824 -16.3788472
-71.496074 -16.378399 -71.495211 -16.378431
-71.496074 -16.378399 -71.4963288 -16.3783874
-71.496704 -16.3788337 -71.4960824 -16.3788472
-71.496704 -16.3788337 -71.4967109 -16.3785741
-71.496704 -16.3788337 -71.4966953 -16.3791657 -71.4966859 -16.3791966 -71.4966537 -16.3792172 -71.4965673 -16.3792434 -71.4952309 -16.3792809
-71.4952213 -16.3788723 -71.4952309 -16.3792809
-71.4952213 -16.3788723 -71.495211 -16.378431
-71.4952213 -16.3788723 -71.4960824 -16.3788472
-71.4952213 -16.3788723 -71.494327 -16.3788899
-71.4935659 -16.3789135 -71.4938989 -16.3788984
-71.4935659 -16.3789135 -71.4931618 -16.3789067
-71.4935659 -16.3789135 -71.4936055 -16.3797437
-71.4935659 -16.3789135 -71.4935273 -16.3785309
-71.4967109 -16.3785741 -71.496704 -16.3788337
-71.4967109 -16.3785741 -71.4966164 -16.3785055 -71.4963288 -16.3783874
-71.4967109 -16.3785741 -71.4967683 -16.3786158 -71.4969975 -16.3786602 -71.4972142 -16.3786736 -71.4975839 -16.3786965 -71.4977527 -16.3787795
-71.4958973 -16.3796495 -71.4952404 -16.3796905
-71.4952404 -16.3796905 -71.4952309 -16.3792809
-71.4952404 -16.3796905 -71.4958973 -16.3796495
-71.4952404 -16.3796905 -71.4939219 -16.3797345
-71.4952404 -16.3796905 -71.4952423 -16.3797701 -71.4952368 -16.3799011 -71.4952028 -16.3799814 -71.495127 -16.3800614 -71.4950406 -16.3801335 -71.4947969 -16.3802337 -71.4946629 -16.3802864 -71.4946361 -16.3803116 -71.494634 -16.3803425 -71.4946598 -16.3803674 -71.4947417 -16.380385 -71.4954367 -16.3805661
-71.4939219 -16.3797345 -71.4952404 -16.3796905
-71.4939219 -16.3797345 -71.4936055 -16.3797437
-71.4939219 -16.3797345 -71.4939132 -16.3797003 -71.4939084 -16.3793296
-71.4950763 -16.3710024 -71.4944697 -16.3710202
-71.4950763 -16.3710024 -71.4950795 -16.3710524
-71.4950763 -16.3710024 -71.4950514 -16.3706141
-71.4944697 -16.3710202 -71.4950763 -16.3710024
-71.4945046 -16.3706207 -71.4950514 -16.3706141
-71.4945026 -16.3702919 -71.4950311 -16.3702771
-71.4950311 -16.3702771 -71.4945026 -16.3702919
-71.4950311 -16.3702771 -71.4950514 -16.3706141
-71.4950311 -16.3702771 -71.4950095 -16.3699181 -71.4953609 -16.3703248 -71.4957974 -16.3705982 -71.4958115 -16.3706194 -71.4958175 -16.3706445 -71.4957579 -16.3710465
-71.4963366 -16.3729181 -71.4960424 -16.3732131
-71.4963366 -16.3729181 -71.4964774 -16.3725328
-71.4963366 -16.3729181 -71.4958775 -16.3725312 -71.4958182 -16.3725109 -71.4957408 -16.3725229
-71.4963366 -16.3729181 -71.4964626 -16.3730243 -71.4965525 -16.3730365
-71.4964774 -16.3725328 -71.4963366 -16.3729181
-71.4965525 -16.3730365 -71.4964626 -16.3730243 -71.4963366 -16.3729181
-71.4965525 -16.3730365 -71.4966168 -16.3730121 -71.4966785 -16.3728995 -71.4967141 -16.3727625 -71.4967201 -16.3726595
-71.4965525 -16.3730365 -71.4965515 -16.3730874 -71.4965644 -16.3731328 -71.4968274 -16.3733749
-71.4967201 -16.3726595 -71.4966819 -16.3724054
-71.4967201 -16.3726595 -71.4971183 -16.373075
-71.4967201 -16.3726595 -71.4967141 -16.3727625 -71.4966785 -16.3728995 -71.4966168 -16.3730121 -71.4965525 -16.3730365
-71.4955446 -16.3717093 -71.4966819 -16.3724054
-71.4955446 -16.3717093 -71.4957099 -16.3714379
-71.4955446 -16.3717093 -71.4951329 -16.3714609 -71.4950795 -16.3710524
-71.4957099 -16.3714379 -71.4950795 -16.3710524
-71.4957099 -16.3714379 -71.4967476 -16.3720786
-71.4957099 -16.3714379 -71.4955446 -16.3717093
-71.4957099 -16.3714379 -71.4958952 -16.3711305
-71.4958952 -16.3711305 -71.4957579 -16.3710465
-71.4958952 -16.3711305 -71.4957099 -16.3714379
-71.4958952 -16.3711305 -71.4961836 -16.3713329 -71.4965548 -16.3715613
-71.4957579 -16.3710465 -71.4950514 -16.3706141
-71.4957579 -16.3710465 -71.4958952 -16.3711305
-71.4957579 -16.3710465 -71.4958175 -16.3706445 -71.4958115 -16.3706194 -71.4957974 -16.3705982 -71.4953609 -16.3703248 -71.4950095 -16.3699181 -71.4950311 -16.3702771
-71.4963399 -16.3685066 -71.4963325 -16.3684628 -71.4963687 -16.3683959 -71.4964049 -16.3683657 -71.4965042 -16.3683445 -71.4966664 -16.3683837 -71.4967094 -16.3683876 -71.4967268 -16.3683824 -71.4967784 -16.3683522 -71.4968656 -16.368275 -71.496934 -16.3682338 -71.496991 -16.3682306 -71.4971057 -16.3682415 -71.4973222 -16.3683419 -71.4973591 -16.3683535 -71.4973839 -16.368347 -71.4974207 -16.3683332
-71.4963399 -16.3685066 -71.4967972 -16.3689351 -71.4971097 -16.369159 -71.4972505 -16.3693121 -71.4974825 -16.3696055 -71.4977923 -16.3700262 -71.4979774 -16.3701639 -71.4980326 -16.3701924 -71.4981494 -16.370221 -71.4984324 -16.3702017 -71.498773 -16.3702467 -71.4990573 -16.3703316
-71.4963399 -16.3685066 -71.4960623 -16.3681823 -71.4958507 -16.3679057 -71.4958386 -16.3678918 -71.4955111 -16.3676631 -71.4954896 -16.3676541 -71.4954118 -16.3676387 -71.4951885 -16.3676239 -71.4951362 -16.3676046 -71.4951094 -16.3675711 -71.494974 -16.3674521 -71.4949378 -16.3674302 -71.4946695 -16.3673093 -71.4945951 -16.3672539 -71.4945314 -16.3672166 -71.494292 -16.3671735 -71.4940788 -16.3671735 -71.4939286 -16.3671478 -71.4936416 -16.3670242 -71.4935011 -16.3668295 -71.4933301 -16.3667858 -71.4932041 -16.3667287 -71.4930767 -16.3666341
-71.4974207 -16.3683332 -71.4973839 -16.368347 -71.4973591 -16.3683535 -71.4973222 -16.3683419 -71.4971057 -16.3682415 -71.496991 -16.3682306 -71.496934 -16.3682338 -71.4968656 -16.368275 -71.4967784 -16.3683522 -71.4967268 -16.3683824 -71.4967094 -16.3683876 -71.4966664 -16.3683837 -71.4965042 -16.3683445 -71.4964049 -16.3683657 -71.4963687 -16.3683959 -71.4963325 -16.3684628 -71.4963399 -16.3685066
-71.4974207 -16.3683332 -71.4977071 -16.3687208 -71.4978748 -16.368854 -71.498141 -16.3690522 -71.4982543 -16.3690734 -71.4985722 -16.3691004 -71.4987646 -16.3690959 -71.4990288 -16.3691583 -71.499177 -16.369222 -71.4995914 -16.3694311 -71.4997557 -16.3694839 -71.4999622 -16.3695025 -71.5000205 -16.3695012 -71.5001406 -16.3695398 -71.5001614 -16.3696125 -71.5001366 -16.3696621 -71.5000494 -16.3697528 -71.4999843 -16.3698126 -71.4998408 -16.3698409
-71.4974207 -16.3683332 -71.4974248 -16.3683007 -71.4974201 -16.3682788 -71.4974067 -16.3682595 -71.4966843 -16.3677402
-71.4987282 -16.3737671 -71.4985617 -16.3736931
-71.4987282 -16.3737671 -71.4989738 -16.3738763
-71.4987282 -16.3737671 -71.4988759 -16.3736214
-71.4987411 -16.3744146 -71.4992278 -16.3746348
-71.4987411 -16.3744146 -71.4988924 -16.3740724
-71.4987411 -16.3744146 -71.4980822 -16.3741165 -71.4980215 -16.3740395
-71.4988924 -16.3740724 -71.4987411 -16.3744146
-71.4988924 -16.3740724 -71.4989738 -16.3738763
-71.4988924 -16.3740724 -71.4993647 -16.374275
-71.4988924 -16.3740724 -71.4984213 -16.3738703 -71.4983712 -16.3738191
-71.4989738 -16.3738763 -71.4987282 -16.3737671
-71.4989738 -16.3738763 -71.4994379 -16.3740826
-71.4989738 -16.3738763 -71.4988924 -16.3740724
-71.4983712 -16.3738191 -71.4985617 -16.3736931
-71.4983712 -16.3738191 -71.4984213 -16.3738703 -71.4988924 -16.3740724
-71.4983712 -16.3738191 -71.4980662 -16.3740207 -71.4980215 -16.3740395
-71.4993647 -16.374275 -71.4988924 -16.3740724
-71.4993647 -16.374275 -71.4992278 -16.3746348
-71.4993647 -16.374275 -71.4994379 -16.3740826
-71.4979453 -16.3740716 -71.4980215 -16.3740395
-71.4979453 -16.3740716 -71.4976845 -16.3741814
-71.4979453 -16.3740716 -71.4980404 -16.3743805 -71.4980622 -16.3744259 -71.4981142 -16.3744693 -71.4983391 -16.3745698 -71.4990752 -16.3749806
-71.4968274 -16.3733749 -71.4965328 -16.3736603
-71.4968274 -16.3733749 -71.4971183 -16.373075
-71.4968274 -16.3733749 -71.497563 -16.3740447 -71.4976845 -16.3741814
-71.4968274 -16.3733749 -71.4965644 -16.3731328 -71.4965515 -16.3730874 -71.4965525 -16.3730365
-71.4980215 -16.3740395 -71.4979453 -16.3740716
-71.4980215 -16.3740395 -71.4980822 -16.3741165 -71.4987411 -16.3744146
-71.4980215 -16.3740395 -71.4979586 -16.3739083 -71.497854 -16.3737783 -71.4971183 -16.373075
-71.4980215 -16.3740395 -71.4980662 -16.3740207 -71.4983712 -16.3738191
-71.4971183 -16.373075 -71.4968274 -16.3733749
-71.4971183 -16.373075 -71.4974254 -16.3727955
-71.4971183 -16.373075 -71.4967201 -16.3726595
-71.4971183 -16.373075 -71.497854 -16.3737783 -71.4979586 -16.3739083 -71.4980215 -16.3740395
-71.4743277 -16.3660605 -71.4743545 -16.3661016 -71.4744068 -16.3661499 -71.4747085 -16.3663474 -71.4747749 -16.366413 -71.4748581 -16.3665173 -71.4749607 -16.3667225 -71.4750539 -16.3669496 -71.4751431 -16.3672642 -71.4752135 -16.3674013 -71.4752389 -16.3675119 -71.4752819 -16.3676972 -71.4753221 -16.3678806 -71.4755052 -16.3682647 -71.4755159 -16.3683129 -71.4755186 -16.3684384 -71.4755186 -16.3684569
-71.4953434 -16.3809619 -71.4954367 -16.3805661
-71.4955165 -16.3802272 -71.4954367 -16.3805661
-71.4957552 -16.3810867 -71.4958611 -16.3806677
-71.4960435 -16.3799467 -71.4958611 -16.3806677
-71.4961723 -16.3811858 -71.4962758 -16.3807456
-71.4962758 -16.3807456 -71.4967905 -16.3808435
-71.4962758 -16.3807456 -71.4958611 -16.3806677
-71.4962758 -16.3807456 -71.4961723 -16.3811858
-71.4962758 -16.3807456 -71.4964351 -16.3799931
-71.4964351 -16.3799931 -71.4962758 -16.3807456
-71.4967905 -16.3808435 -71.4962758 -16.3807456
-71.4958611 -16.3806677 -71.4962758 -16.3807456
-71.4958611 -16.3806677 -71.4954367 -16.3805661
-71.4958611 -16.3806677 -71.4957552 -16.3810867
-71.4958611 -16.3806677 -71.4960435 -16.3799467
-71.4954367 -16.3805661 -71.4958611 -16.3806677
-71.4954367 -16.3805661 -71.4953434 -16.3809619
-71.4954367 -16.3805661 -71.4955165 -16.3802272
-71.4954367 -16.3805661 -71.4947417 -16.380385 -71.4946598 -16.3803674 -71.494634 -16.3803425 -71.4946361 -16.3803116 -71.4946629 -16.3802864 -71.4947969 -16.3802337 -71.4950406 -16.3801335 -71.495127 -16.3800614 -71.4952028 -16.3799814 -71.4952368 -16.3799011 -71.4952423 -16.3797701 -71.4952404 -16.3796905
-71.4938989 -16.3788984 -71.494327 -16.3788899
-71.4938989 -16.3788984 -71.4935659 -16.3789135
-71.4938989 -16.3788984 -71.4939084 -16.3793296
-71.4931674 -16.3797564 -71.4931245 -16.3793468
-71.4931674 -16.3797564 -71.4936055 -16.3797437
-71.4931674 -16.3797564 -71.4931454 -16.3800085 -71.4927162 -16.3800793
-71.4931674 -16.3797564 -71.4930743 -16.3797769 -71.4927068 -16.3797979
-71.4931618 -16.3789067 -71.4931245 -16.3793468
-71.4931618 -16.3789067 -71.4935659 -16.3789135
-71.4931618 -16.3789067 -71.4929013 -16.3788814 -71.492652 -16.3788319
-71.4931245 -16.3793468 -71.4931674 -16.3797564
-71.4931245 -16.3793468 -71.4931618 -16.3789067
-71.4931245 -16.3793468 -71.4926694 -16.3793189
-71.4926694 -16.3793189 -71.4931245 -16.3793468
-71.4926694 -16.3793189 -71.4922307 -16.3793388
-71.4926694 -16.3793189 -71.4927068 -16.3797979
-71.4926694 -16.3793189 -71.492652 -16.3788319
-71.4922307 -16.3793388 -71.4926694 -16.3793189
-71.4922307 -16.3793388 -71.4917552 -16.379362
-71.4922307 -16.3793388 -71.4922498 -16.3798027
-71.4922307 -16.3793388 -71.4922026 -16.3788029 -71.4921851 -16.3787527 -71.4921141 -16.378615 -71.4921039 -16.3785418
-71.4922498 -16.3798027 -71.4922307 -16.3793388
-71.4922498 -16.3798027 -71.4927068 -16.3797979
-71.4922498 -16.3798027 -71.4917516 -16.3798069 -71.4917657 -16.3795697
-71.4921039 -16.3785418 -71.4921141 -16.378615 -71.4921851 -16.3787527 -71.4922026 -16.3788029 -71.4922307 -16.3793388
-71.4921039 -16.3785418 -71.4923206 -16.3786974 -71.4923591 -16.3787149
-71.4921039 -16.3785418 -71.4919907 -16.3784606 -71.4919209 -16.378368 -71.4918847 -16.378238 -71.4919047 -16.377983
-71.4927162 -16.3800793 -71.4926975 -16.3799146 -71.4927068 -16.3797979
-71.4927162 -16.3800793 -71.4924762 -16.380105 -71.4923072 -16.3801191 -71.4922321 -16.3800857 -71.4921972 -16.3800304 -71.4921275 -16.3800278 -71.4920591 -16.3800651 -71.4920551 -16.3801191 -71.4920738 -16.380177 -71.4920651 -16.3802135
-71.4927162 -16.3800793 -71.4931454 -16.3800085 -71.4931674 -16.3797564
-71.4927068 -16.3797979 -71.4926694 -16.3793189
-71.4927068 -16.3797979 -71.4922498 -16.3798027
-71.4927068 -16.3797979 -71.4926975 -16.3799146 -71.4927162 -16.3800793
-71.4927068 -16.3797979 -71.4930743 -16.3797769 -71.4931674 -16.3797564
-71.492652 -16.3788319 -71.4926694 -16.3793189
-71.492652 -16.3788319 -71.4929013 -16.3788814 -71.4931618 -16.3789067
-71.492652 -16.3788319 -71.4925902 -16.3788196 -71.4923591 -16.3787149
-71.4919047 -16.377983 -71.4920328 -16.3777233
-71.4919047 -16.377983 -71.4916066 -16.3785491
-71.4919047 -16.377983 -71.4918847 -16.378238 -71.4919209 -16.378368 -71.4919907 -16.3784606 -71.4921039 -16.3785418
-71.4935103 -16.3781083 -71.4934673 -16.3781099
-71.4935103 -16.3781083 -71.4946238 -16.378068
-71.4935103 -16.3781083 -71.4935273 -16.3785309
-71.4907026 -16.3811935 -71.49087 -16.3811535
-71.4907026 -16.3811935 -71.4903264 -16.3814483 -71.4902674 -16.3814972 -71.490264 -16.3815139 -71.4902647 -16.3815345 -71.490323 -16.3815995 -71.4904021 -16.3816387 -71.4904397 -16.3816509 -71.490496 -16.3816574 -71.4906449 -16.38162 -71.490722 -16.3816136 -71.4909741 -16.3816509 -71.4914402 -16.3816972 -71.4914683 -16.3817088 -71.4914791 -16.3817185 -71.4914864 -16.3817352 -71.4914737 -16.3818002 -71.4914563 -16.3818143 -71.4914368 -16.3818201 -71.4914154 -16.3818214 -71.4911927 -16.3818188 -71.4911082 -16.3818426 -71.490777 -16.3819571 -71.4904805 -16.382087 -71.4902763 -16.3821578
-71.4907026 -16.3811935 -71.4905821 -16.3812218 -71.4901507 -16.381335 -71.4900354 -16.3813634
-71.4871206 -16.382813 -71.4875047 -16.3828546
-71.4871206 -16.382813 -71.4871413 -16.3828533 -71.4871922 -16.3830772 -71.4872271 -16.3831698 -71.4873518 -16.3833281 -71.4873987 -16.3834207 -71.4874658 -16.3836665 -71.4875022 -16.3837294 -71.487557 -16.3838273 -71.4876737 -16.3844076 -71.4876924 -16.3846019
-71.4871206 -16.382813 -71.4869387 -16.3824583 -71.4869066 -16.3824261 -71.4868207 -16.382376
-71.4888545 -16.3829678 -71.4875047 -16.3828546
-71.4888545 -16.3829678 -71.4896678 -16.3830489
-71.4888545 -16.3829678 -71.4888793 -16.3828456 -71.4889061 -16.3826629 -71.4889169 -16.3824622 -71.4889705 -16.3821714
-71.4875047 -16.3828546 -71.4871206 -16.382813
-71.4875047 -16.3828546 -71.4888545 -16.3829678
-71.4875047 -16.3828546 -71.4875704 -16.3818362
-71.4875704 -16.3818362 -71.4875047 -16.3828546
-71.4875704 -16.3818362 -71.4875651 -16.3817718
-71.4875704 -16.3818362 -71.4886165 -16.3820479 -71.4889705 -16.3821714
-71.4875651 -16.3817718 -71.4875704 -16.3818362
-71.4875651 -16.3817718 -71.4874671 -16.3814605 -71.4874517 -16.3814225
-71.4875651 -16.3817718 -71.486763 -16.3822257 -71.4868207 -16.382376
-71.4874517 -16.3814225 -71.487221 -16.3810944
-71.4874517 -16.3814225 -71.4874671 -16.3814605 -71.4875651 -16.3817718
-71.4874517 -16.3814225 -71.4873136 -16.3815377 -71.4871896 -16.3816263
-71.487221 -16.3810944 -71.4874517 -16.3814225
-71.4871896 -16.3816263 -71.4866464 -16.3808989 -71.4866249 -16.3808346
-71.4871896 -16.3816263 -71.4873136 -16.3815377 -71.4874517 -16.3814225
-71.4871896 -16.3816263 -71.4871748 -16.3816374 -71.4871272 -16.3816548 -71.4870393 -16.3816747 -71.4868429 -16.3816927 -71.4868194 -16.3816895 -71.4867973 -16.3816799 -71.486173 -16.3807902
-71.4866249 -16.3808346 -71.4866464 -16.3808989 -71.4871896 -16.3816263
-71.486173 -16.3807902 -71.4867973 -16.3816799 -71.4868194 -16.3816895 -71.4868429 -16.3816927 -71.4870393 -16.3816747 -71.4871272 -16.3816548 -71.4871748 -16.3816374 -71.4871896 -16.3816263
-71.486173 -16.3807902 -71.4863386 -16.3806924 -71.4867338 -16.3806117 -71.4868435 -16.3805982 -71.4869674 -16.3805744 -71.4870877 -16.3805778 -71.487247 -16.3806457 -71.4874133 -16.3807068 -71.4875443 -16.3807 -71.4876965 -16.3806151
-71.486173 -16.3807902 -71.4858759 -16.3809658 -71.4855473 -16.3811369
-71.4855473 -16.3811369 -71.4851329 -16.381335
-71.4855473 -16.3811369 -71.4848185 -16.3801346
-71.4855473 -16.3811369 -71.4858759 -16.3809658 -71.486173 -16.3807902
-71.4855473 -16.3811369 -71.4861295 -16.3820001 -71.4861495 -16.3820441 -71.4861438 -16.3820964 -71.4860336 -16.3822619
-71.4851329 -16.381335 -71.4855473 -16.3811369
-71.4898194 -16.3823991 -71.489767 -16.3824959 -71.4896678 -16.3830489
-71.4898194 -16.3823991 -71.4899066 -16.3822859 -71.4902763 -16.3821578
-71.4898194 -16.3823991 -71.4902285 -16.382493 -71.4906764 -16.3826063 -71.4909929 -16.3827195
-71.4898194 -16.3823991 -71.489464 -16.3823515 -71.4892119 -16.3823258 -71.4889705 -16.3821714
-71.4902406 -16.3848324 -71.4893982 -16.3847583
-71.4902406 -16.3848324 -71.4911397 -16.3849222 -71.4912155 -16.3843371 -71.4912336 -16.3841252 -71.4912249 -16.3841001 -71.4912095 -16.3840853
-71.4890287 -16.3854937 -71.489047 -16.3854606
-71.4860336 -16.3822619 -71.4864171 -16.3823142 -71.4868207 -16.382376
-71.4860336 -16.3822619 -71.4861438 -16.3820964 -71.4861495 -16.3820441 -71.4861295 -16.3820001 -71.4855473 -16.3811369
-71.4868207 -16.382376 -71.4869066 -16.3824261 -71.4869387 -16.3824583 -71.4871206 -16.382813
-71.4868207 -16.382376 -71.4864171 -16.3823142 -71.4860336 -16.3822619
-71.4868207 -16.382376 -71.486763 -16.3822257 -71.4875651 -16.3817718
-71.4876924 -16.3846019 -71.4893982 -16.3847583
-71.4876924 -16.3846019 -71.4876737 -16.3844076 -71.487557 -16.3838273 -71.4875022 -16.3837294 -71.4874658 -16.3836665 -71.4873987 -16.3834207 -71.4873518 -16.3833281 -71.4872271 -16.3831698 -71.4871922 -16.3830772 -71.4871413 -16.3828533 -71.4871206 -16.382813
-71.4854506 -16.3695999 -71.4852579 -16.3694274 -71.485037 -16.3692672 -71.4846285 -16.3690002 -71.4844391 -16.3689378 -71.4841733 -16.3687497 -71.4839265 -16.3685644 -71.4838031 -16.3685336 -71.4831433 -16.3684872 -71.4830897 -16.3684872 -71.4829287 -16.3686365 -71.4829182 -16.3687487
-71.4854506 -16.3695999 -71.4856043 -16.3694583 -71.4856326 -16.3693682 -71.4856273 -16.3692801 -71.4855993 -16.3688412 -71.4855224 -16.3685402 -71.4854844 -16.3684341 -71.4855253 -16.3683763 -71.4855756 -16.3683471 -71.4856243 -16.3683766 -71.4858302 -16.3686595 -71.4861853 -16.3688696 -71.4863925 -16.3688412 -71.4868068 -16.3689491 -71.4869614 -16.368968 -71.487085 -16.3689832 -71.4872922 -16.3691025 -71.4876888 -16.3692331 -71.4880558 -16.3693353 -71.488153 -16.3693759 -71.48823 -16.3693995 -71.4883378 -16.3694114 -71.4884888 -16.3694261 -71.4885843 -16.3694202 -71.4886583 -16.3693907 -71.4886767 -16.3693641 -71.488726 -16.3693315 -71.4887907 -16.3692961 -71.4888431 -16.3692636 -71.4888801 -16.369231 -71.4888994 -16.3691746
-71.4854506 -16.3695999 -71.4858124 -16.3700793 -71.4860137 -16.3705848 -71.4860687 -16.3706344
-71.4829182 -16.3687487 -71.4829287 -16.3686365 -71.4830897 -16.3684872 -71.4831433 -16.3684872 -71.4838031 -16.3685336 -71.4839265 -16.3685644 -71.4841733 -16.3687497 -71.4844391 -16.3689378 -71.4846285 -16.3690002 -71.485037 -16.3692672 -71.4852579 -16.3694274 -71.4854506 -16.3695999
-71.4829182 -16.3687487 -71.4830789 -16.3690012 -71.4832191 -16.3691948 -71.4835233 -16.369326 -71.4837831 -16.3694604 -71.4837695 -16.3695129 -71.4835951 -16.3694473 -71.483349 -16.3694375 -71.4829866 -16.3693916 -71.4825558 -16.3692243 -71.4824649 -16.3691996 -71.4825251 -16.3693096 -71.4828875 -16.3696999 -71.483137 -16.3698508 -71.4830994 -16.3698967 -71.482631 -16.3699804 -71.4821795 -16.3698217 -71.4817133 -16.3702803 -71.4814859 -16.3705021
-71.4829182 -16.3687487 -71.4830629 -16.3687317 -71.4834831 -16.3688584 -71.4839342 -16.3691462 -71.4845338 -16.369766 -71.4847688 -16.3699197 -71.4849664 -16.3700432 -71.4850922 -16.3701926 -71.4851041 -16.3704196 -71.4850083 -16.3708993 -71.4849095 -16.3713302 -71.4848946 -16.3715514 -71.4847718 -16.3717497 -71.484679 -16.3719393 -71.484658 -16.3721949 -71.4846101 -16.3724937 -71.4845353 -16.3726603 -71.4843885 -16.372781 -71.4840831 -16.372781 -71.4837478 -16.3728959 -71.4834933 -16.3730395 -71.4833735 -16.3732176 -71.4832627 -16.3733756 -71.483107 -16.3733843 -71.4830112 -16.3733871 -71.4829514 -16.3734704 -71.4829843 -16.3735652 -71.4832219 -16.373761
-71.491031 -16.3675901 -71.4900986 -16.3671756
-71.491031 -16.3675901 -71.490869 -16.3680439
-71.491031 -16.3675901 -71.4918189 -16.367915 -71.4918907 -16.367951 -71.4919108 -16.36809 -71.4918137 -16.3683374
-71.4900986 -16.3671756 -71.4892167 -16.3667868
-71.4900986 -16.3671756 -71.491031 -16.3675901
-71.4900986 -16.3671756 -71.4899415 -16.3676597
-71.4900986 -16.3671756 -71.49023 -16.3667706 -71.4896786 -16.3664478 -71.4894434 -16.3663066
-71.4892167 -16.3667868 -71.4885995 -16.3665518
-71.4892167 -16.3667868 -71.4900986 -16.3671756
-71.4892167 -16.3667868 -71.4890338 -16.3672733
-71.4892167 -16.3667868 -71.4894434 -16.3663066
-71.4885995 -16.3665518 -71.4892167 -16.3667868
-71.4885995 -16.3665518 -71.4882413 -16.3669747
-71.4885995 -16.3665518 -71.4890708 -16.3660941 -71.4894434 -16.3663066
-71.4890338 -16.3672733 -71.4882413 -16.3669747
-71.4890338 -16.3672733 -71.4899415 -16.3676597
-71.4890338 -16.3672733 -71.4888393 -16.3677375
-71.4890338 -16.3672733 -71.4892167 -16.3667868
-71.4882413 -16.3669747 -71.4885995 -16.3665518
-71.4882413 -16.3669747 -71.4890338 -16.3672733
-71.4882413 -16.3669747 -71.4880195 -16.3671976 -71.4878981 -16.3673394 -71.4878704 -16.367372
-71.4899415 -16.3676597 -71.4897797 -16.3681502
-71.4899415 -16.3676597 -71.4900986 -16.3671756
-71.4899415 -16.3676597 -71.4890338 -16.3672733
-71.4899415 -16.3676597 -71.490869 -16.3680439
-71.4878704 -16.367372 -71.4888393 -16.3677375
-71.4878704 -16.367372 -71.4878981 -16.3673394 -71.4880195 -16.3671976 -71.4882413 -16.3669747
-71.4878704 -16.367372 -71.4876527 -16.3671772 -71.4875331 -16.3672037 -71.48742 -16.3672885
-71.4906969 -16.3685537 -71.490869 -16.3680439
-71.4906969 -16.3685537 -71.4900345 -16.368262
-71.4906969 -16.3685537 -71.4916062 -16.3689352
-71.4906969 -16.3685537 -71.490511 -16.3690197 -71.490489 -16.3690553 -71.4904501 -16.3690713 -71.4904058 -16.3690703
-71.4900345 -16.368262 -71.4897797 -16.3681502
-71.4900345 -16.368262 -71.4906969 -16.3685537
-71.4900345 -16.368262 -71.4900643 -16.3683352 -71.4900854 -16.3683917 -71.4900846 -16.3684513 -71.4899937 -16.3687747 -71.4899998 -16.3688419 -71.4900427 -16.3689054 -71.490107 -16.3689645 -71.4901741 -16.3690088
-71.4901741 -16.3690088 -71.4901516 -16.3692188 -71.4901131 -16.3694262 -71.4901 -16.3694701 -71.490056 -16.3695835 -71.4900674 -16.3696659 -71.4900785 -16.3697637 -71.4900682 -16.3698461
-71.4901741 -16.3690088 -71.490107 -16.3689645 -71.4900427 -16.3689054 -71.4899998 -16.3688419 -71.4899937 -16.3687747 -71.4900846 -16.3684513 -71.4900854 -16.3683917 -71.4900643 -16.3683352 -71.4900345 -16.368262
-71.4901741 -16.3690088 -71.4903775 -16.3690697 -71.4904058 -16.3690703
-71.4916062 -16.3689352 -71.491781 -16.3684209
-71.4916062 -16.3689352 -71.4906969 -16.3685537
-71.4916062 -16.3689352 -71.4917221 -16.3689573 -71.492401 -16.3689885 -71.4926816 -16.3689339
-71.491781 -16.3684209 -71.4916062 -16.3689352
-71.491781 -16.3684209 -71.4918137 -16.3683374
-71.491781 -16.3684209 -71.490869 -16.3680439
-71.4897797 -16.3681502 -71.4899415 -16.3676597
-71.4897797 -16.3681502 -71.4888393 -16.3677375
-71.4897797 -16.3681502 -71.4900345 -16.368262
-71.4918137 -16.3683374 -71.491781 -16.3684209
-71.4918137 -16.3683374 -71.4927221 -16.3684126
-71.4918137 -16.3683374 -71.4919108 -16.36809 -71.4918907 -16.367951 -71.4918189 -16.367915 -71.491031 -16.3675901
-71.4927221 -16.3684126 -71.4918137 -16.3683374
-71.4927221 -16.3684126 -71.4926816 -16.3689339
-71.4927221 -16.3684126 -71.4931288 -16.3684463 -71.4932954 -16.3684658 -71.4931857 -16.3689105
-71.4926816 -16.3689339 -71.4927221 -16.3684126
-71.4926816 -16.3689339 -71.4931857 -16.3689105
-71.4926816 -16.3689339 -71.492401 -16.3689885 -71.4917221 -16.3689573 -71.4916062 -16.3689352
-71.4931857 -16.3689105 -71.4926816 -16.3689339
-71.4931857 -16.3689105 -71.4935825 -16.3688981
-71.4931857 -16.3689105 -71.4932954 -16.3684658 -71.4931288 -16.3684463 -71.4927221 -16.3684126
-71.4935825 -16.3688981 -71.4931857 -16.3689105
-71.4935825 -16.3688981 -71.4938166 -16.3682507
-71.4935825 -16.3688981 -71.4935825 -16.3690311 -71.4935948 -16.36917 -71.4936533 -16.3694272 -71.493678 -16.3697228 -71.4936441 -16.3701012 -71.4935784 -16.370217
-71.490871 -16.369159 -71.4908385 -16.369196 -71.4907369 -16.3692526 -71.4906271 -16.3692643 -71.4905133 -16.3692312 -71.4904503 -16.3691668 -71.4904058 -16.3690703
-71.4904058 -16.3690703 -71.4903775 -16.3690697 -71.4901741 -16.3690088
-71.4904058 -16.3690703 -71.4904501 -16.3690713 -71.490489 -16.3690553 -71.490511 -16.3690197 -71.4906969 -16.3685537
-71.4904058 -16.3690703 -71.4904503 -16.3691668 -71.4905133 -16.3692312 -71.4906271 -16.3692643 -71.4907369 -16.3692526 -71.4908385 -16.369196 -71.490871 -16.369159
-71.4930288 -16.3730106 -71.4926649 -16.3727049 -71.4925039 -16.3725505 -71.4924329 -16.3724824 -71.492343 -16.3723961 -71.4922089 -16.3722725 -71.4921016 -16.3721902 -71.4920372 -16.372113 -71.4920104 -16.3720512 -71.4919675 -16.3719637 -71.4918978 -16.3718711 -71.4917757 -16.3717174
-71.4755186 -16.3684569 -71.4771561 -16.3699025
-71.4755186 -16.3684569 -71.4755186 -16.3684384 -71.4755159 -16.3683129 -71.4755052 -16.3682647 -71.4753221 -16.3678806 -71.4752819 -16.3676972 -71.4752389 -16.3675119 -71.4752135 -16.3674013 -71.4751431 -16.3672642 -71.4750539 -16.3669496 -71.4749607 -16.3667225 -71.4748581 -16.3665173 -71.4747749 -16.366413 -71.4747085 -16.3663474 -71.4744068 -16.3661499 -71.4743545 -16.3661016 -71.4743277 -16.3660605
-71.4755186 -16.3684569 -71.4755199 -16.3689968 -71.4755472 -16.3692203 -71.4755662 -16.3693754
-71.4772666 -16.369071 -71.4780938 -16.3701045 -71.4781811 -16.3702094 -71.4789793 -16.3712559
-71.4888994 -16.3691746 -71.4889524 -16.3692162 -71.4891952 -16.3693899 -71.4897437 -16.3696428 -71.489971 -16.3697901 -71.4900682 -16.3698461
-71.4888994 -16.3691746 -71.488831 -16.369121 -71.4883925 -16.3688611 -71.4882845 -16.3687491 -71.4880612 -16.3683728 -71.4878373 -16.3681321 -71.4876321 -16.3679327 -71.4873932 -16.3677089
-71.4888994 -16.3691746 -71.4888801 -16.369231 -71.4888431 -16.3692636 -71.4887907 -16.3692961 -71.488726 -16.3693315 -71.4886767 -16.3693641 -71.4886583 -16.3693907 -71.4885843 -16.3694202 -71.4884888 -16.3694261 -71.4883378 -16.3694114 -71.48823 -16.3693995 -71.488153 -16.3693759 -71.4880558 -16.3693353 -71.4876888 -16.3692331 -71.4872922 -16.3691025 -71.487085 -16.3689832 -71.4869614 -16.368968 -71.4868068 -16.3689491 -71.4863925 -16.3688412 -71.4861853 -16.3688696 -71.4858302 -16.3686595 -71.4856243 -16.3683766 -71.4855756 -16.3683471 -71.4855253 -16.3683763 -71.4854844 -16.3684341 -71.4855224 -16.3685402 -71.4855993 -16.3688412 -71.4856273 -16.3692801 -71.4856326 -16.3693682 -71.4856043 -16.3694583 -71.4854506 -16.3695999
-71.4881474 -16.3780833 -71.4881284 -16.3781421 -71.4880747 -16.3783603 -71.4881176 -16.3786485 -71.4882222 -16.3790293 -71.4883869 -16.379333 -71.488426 -16.379405 -71.488713 -16.3796881
-71.4881474 -16.3780833 -71.4881771 -16.3780295 -71.4881961 -16.3779732 -71.4882258 -16.3779169 -71.4882662 -16.3778683 -71.4882798 -16.3778146 -71.4883002 -16.37773 -71.4883446 -16.3776969 -71.4884071 -16.377695 -71.4884696 -16.377724 -71.4885652 -16.3777974 -71.4887803 -16.3779083 -71.4891785 -16.3780451
-71.4881474 -16.3780833 -71.4881353 -16.3780345 -71.4881406 -16.3779547 -71.4881708 -16.3778458 -71.4880907 -16.3776034 -71.4880297 -16.3772764 -71.4879432 -16.3770551 -71.4879605 -16.3768283 -71.4879201 -16.3766071 -71.4878452 -16.3762973 -71.487776 -16.3760097 -71.4875651 -16.3757241 -71.487563 -16.3757119 -71.487568 -16.3757009
-71.4888854 -16.3753502 -71.4878423 -16.3748785
-71.4888854 -16.3753502 -71.490178 -16.3759167
-71.4888854 -16.3753502 -71.4885153 -16.3761711
-71.4878423 -16.3748785 -71.4888854 -16.3753502
-71.4893533 -16.3739403 -71.4896116 -16.373689
-71.4893533 -16.3739403 -71.4883252 -16.3728708
-71.4893533 -16.3739403 -71.4892944 -16.3740048 -71.4892285 -16.3740659 -71.489152 -16.3741406 -71.4890825 -16.374195 -71.4890131 -16.3742595 -71.4889295 -16.374324 -71.48886 -16.3743648 -71.4887764 -16.3743715
-71.4896116 -16.373689 -71.4893533 -16.3739403
-71.4887764 -16.3743715 -71.48886 -16.3743648 -71.4889295 -16.374324 -71.4890131 -16.3742595 -71.4890825 -16.374195 -71.489152 -16.3741406 -71.4892285 -16.3740659 -71.4892944 -16.3740048 -71.4893533 -16.3739403
-71.4887764 -16.3743715 -71.4887078 -16.374473 -71.4886322 -16.3745473 -71.4884455 -16.3746347 -71.4883167 -16.3746767 -71.4882418 -16.3746994 -71.4881561 -16.3747052 -71.4880805 -16.3746946 -71.4880084 -16.374667 -71.4877097 -16.3745256 -71.4873999 -16.3744401 -71.4872259 -16.374436 -71.4871368 -16.3745623
-71.4887764 -16.3743715 -71.488726 -16.3742782 -71.4886684 -16.3742052 -71.4885366 -16.3740676 -71.4883835 -16.3739437 -71.4877801 -16.3733573
-71.4926839 -16.3759541 -71.4929381 -16.376022
-71.4929381 -16.376022 -71.4926839 -16.3759541
-71.4929381 -16.376022 -71.4929511 -16.3760254 -71.4930379 -16.3760441 -71.4931883 -16.3760951 -71.4932697 -16.3761171 -71.4934086 -16.3761918 -71.493478 -16.3762377 -71.4935475 -16.3762937 -71.4939792 -16.376648
-71.4929381 -16.376022 -71.4928118 -16.3760947 -71.4925906 -16.3761507 -71.4923889 -16.3762254 -71.4922385 -16.3763035 -71.4921668 -16.3763528 -71.4920881 -16.3763918 -71.4920059 -16.3764183 -71.4919238 -16.3764346 -71.4917772 -16.3764605 -71.4914886 -16.3764988
-71.4929926 -16.3771646 -71.4924164 -16.3769109
-71.4913933 -16.3747693 -71.4913002 -16.3747477 -71.4912116 -16.3747395 -71.4911449 -16.3747101 -71.4910991 -16.3746895 -71.4910375 -16.3746865 -71.4909943 -16.3747161 -71.490945 -16.3747723 -71.4909235 -16.3748077 -71.4908988 -16.374855 -71.4909173 -16.3749289 -71.4909974 -16.3751979
-71.4913933 -16.3747693 -71.4914426 -16.3748255 -71.4914966 -16.3748609 -71.4915674 -16.3748876 -71.4916475 -16.374923 -71.491703 -16.3749615 -71.4917554 -16.3749969 -71.4918355 -16.3750738 -71.4918878 -16.3751625 -71.4919187 -16.3752334 -71.4920775 -16.375514 -71.4921094 -16.375557 -71.4921611 -16.3756274 -71.4922614 -16.3756527 -71.4924502 -16.3756301 -71.4925818 -16.3756069 -71.4926897 -16.3756159 -71.4927787 -16.3756525 -71.4931505 -16.3758122 -71.4933872 -16.375928 -71.4936539 -16.3760383 -71.4937415 -16.3761129 -71.4939331 -16.3762867 -71.4941556 -16.3764539 -71.4939792 -16.376648
-71.4913933 -16.3747693 -71.4916082 -16.374776 -71.4917712 -16.3748381 -71.4919219 -16.374906 -71.4920036 -16.3749688 -71.4921297 -16.3750158 -71.4922301 -16.3750046 -71.4923305 -16.3749688 -71.4924262 -16.374906 -71.4925593 -16.3748567 -71.4927274 -16.3748254 -71.4928465 -16.3748142 -71.4929586 -16.374803 -71.493059 -16.3747975 -71.4931881 -16.3748155 -71.4933778 -16.3748565 -71.4935715 -16.3749194 -71.4939581 -16.3750229
-71.4909974 -16.3751979 -71.4909173 -16.3749289 -71.4908988 -16.374855 -71.4909235 -16.3748077 -71.490945 -16.3747723 -71.4909943 -16.3747161 -71.4910375 -16.3746865 -71.4910991 -16.3746895 -71.4911449 -16.3747101 -71.4912116 -16.3747395 -71.4913002 -16.3747477 -71.4913933 -16.3747693
-71.4939581 -16.3750229 -71.4937944 -16.3755254
-71.4939581 -16.3750229 -71.4940926 -16.3750589 -71.4942511 -16.3751207 -71.4944606 -16.3751934
-71.4939581 -16.3750229 -71.4935715 -16.3749194 -71.4933778 -16.3748565 -71.4931881 -16.3748155 -71.493059 -16.3747975 -71.4929586 -16.374803 -71.4928465 -16.3748142 -71.4927274 -16.3748254 -71.4925593 -16.3748567 -71.4924262 -16.374906 -71.4923305 -16.3749688 -71.4922301 -16.3750046 -71.4921297 -16.3750158 -71.4920036 -16.3749688 -71.4919219 -16.374906 -71.4917712 -16.3748381 -71.4916082 -16.374776 -71.4913933 -16.3747693
-71.4871368 -16.3745623 -71.4872104 -16.3746768
-71.4871368 -16.3745623 -71.4872259 -16.374436 -71.4873999 -16.3744401 -71.4877097 -16.3745256 -71.4880084 -16.374667 -71.4880805 -16.3746946 -71.4881561 -16.3747052 -71.4882418 -16.3746994 -71.4883167 -16.3746767 -71.4884455 -16.3746347 -71.4886322 -16.3745473 -71.4887078 -16.374473 -71.4887764 -16.3743715
-71.4871368 -16.3745623 -71.4865471 -16.3744161 -71.4864614 -16.3743896 -71.4863669 -16.3743744 -71.4861812 -16.3743559 -71.4860879 -16.3743348 -71.4855851 -16.3740599
-71.4878498 -16.375849 -71.4879748 -16.375922 -71.4882358 -16.3760495 -71.4885153 -16.3761711
-71.4878498 -16.375849 -71.4877903 -16.3757472 -71.48768 -16.375511 -71.4875696 -16.3753359 -71.4875399 -16.3751445 -71.4873702 -16.3749206 -71.4872104 -16.3746768
-71.4878498 -16.375849 -71.4875998 -16.3757002 -71.4875808 -16.3756969 -71.487568 -16.3757009
-71.4842642 -16.3777512 -71.484622 -16.3779421 -71.4851376 -16.3781155 -71.4852869 -16.3781887 -71.4855888 -16.3784488
-71.4842642 -16.3777512 -71.4835907 -16.3771518 -71.4832756 -16.3768369
-71.4842642 -16.3777512 -71.4841658 -16.3775587 -71.4840519 -16.3774189
-71.4836376 -16.3765222 -71.4830294 -16.3759747
-71.4836376 -16.3765222 -71.4832756 -16.3768369
-71.4836376 -16.3765222 -71.4839925 -16.3762202 -71.4843073 -16.3759182 -71.4844814 -16.375899 -71.4846019 -16.3757962 -71.4847894 -16.3756548 -71.4848748 -16.3756505 -71.4850279 -16.3757049 -71.4852582 -16.3757383 -71.4858073 -16.3758476 -71.4863095 -16.3761174 -71.4867448 -16.3762973 -71.4869323 -16.3763937 -71.487093 -16.3768241 -71.4872805 -16.3771968 -71.4873676 -16.3774795 -71.4873459 -16.3776326 -71.487314 -16.3778585 -71.4872605 -16.3780898 -71.4872773 -16.3781946 -71.4872341 -16.3782951 -71.4871725 -16.3783661 -71.4869803 -16.378543
-71.4832756 -16.3768369 -71.4836376 -16.3765222
-71.4832756 -16.3768369 -71.4835907 -16.3771518 -71.4842642 -16.3777512
-71.4832756 -16.3768369 -71.4824062 -16.3760428 -71.4819501 -16.3755676 -71.4807978 -16.3743689 -71.4807965 -16.3743059 -71.48083 -16.3742454 -71.4810295 -16.3740637 -71.4810542 -16.3739959 -71.4810283 -16.3739346 -71.479957 -16.3728339 -71.4802279 -16.3725266
-71.4832756 -16.3768369 -71.4832172 -16.3769037 -71.4832011 -16.3770015 -71.483244 -16.3771096 -71.4835042 -16.3773515 -71.4835632 -16.3774441 -71.4836034 -16.3775445 -71.4836276 -16.377668 -71.4836866 -16.3778533 -71.483767 -16.3779434 -71.4839655 -16.3780849 -71.4842042 -16.3782419 -71.4844966 -16.3784863 -71.484738 -16.3787334 -71.484907 -16.3789804 -71.4849363 -16.3790298
-71.487568 -16.3757009 -71.4874896 -16.3755626
-71.487568 -16.3757009 -71.487563 -16.3757119 -71.4875651 -16.3757241 -71.487776 -16.3760097 -71.4878452 -16.3762973 -71.4879201 -16.3766071 -71.4879605 -16.3768283 -71.4879432 -16.3770551 -71.4880297 -16.3772764 -71.4880907 -16.3776034 -71.4881708 -16.3778458 -71.4881406 -16.3779547 -71.4881353 -16.3780345 -71.4881474 -16.3780833
-71.487568 -16.3757009 -71.4875808 -16.3756969 -71.4875998 -16.3757002 -71.4878498 -16.375849
-71.4801414 -16.371753 -71.4804855 -16.3714376
-71.4801414 -16.371753 -71.4798133 -16.3720593
-71.4801414 -16.371753 -71.4793441 -16.3709462
-71.4802279 -16.3725266 -71.4798133 -16.3720593
-71.4802279 -16.3725266 -71.479957 -16.3728339 -71.4810283 -16.3739346 -71.4810542 -16.3739959 -71.4810295 -16.3740637 -71.48083 -16.3742454 -71.4807965 -16.3743059 -71.4807978 -16.3743689 -71.4819501 -16.3755676 -71.4824062 -16.3760428 -71.4832756 -16.3768369
-71.4802279 -16.3725266 -71.4802889 -16.3726048 -71.4803747 -16.3726782 -71.4804444 -16.3727528 -71.4805879 -16.3728763 -71.4813041 -16.3722383
-71.4829737 -16.3705919 -71.482301 -16.371288
-71.4819861 -16.3716307 -71.482301 -16.371288
-71.4819861 -16.3716307 -71.4811545 -16.3708253
-71.4819861 -16.3716307 -71.4813041 -16.3722383
-71.482301 -16.371288 -71.4819861 -16.3716307
-71.482301 -16.371288 -71.4829737 -16.3705919
-71.482301 -16.371288 -71.4814859 -16.3705021
-71.4814859 -16.3705021 -71.482301 -16.371288
-71.4814859 -16.3705021 -71.4811545 -16.3708253
-71.4814859 -16.3705021 -71.4817133 -16.3702803 -71.4821795 -16.3698217 -71.482631 -16.3699804 -71.4830994 -16.3698967 -71.483137 -16.3698508 -71.4828875 -16.3696999 -71.4825251 -16.3693096 -71.4824649 -16.3691996 -71.4825558 -16.3692243 -71.4829866 -16.3693916 -71.483349 -16.3694375 -71.4835951 -16.3694473 -71.4837695 -16.3695129 -71.4837831 -16.3694604 -71.4835233 -16.369326 -71.4832191 -16.3691948 -71.4830789 -16.3690012 -71.4829182 -16.3687487
-71.4811545 -16.3708253 -71.4819861 -16.3716307
-71.4811545 -16.3708253 -71.4814859 -16.3705021
-71.4811545 -16.3708253 -71.4804855 -16.3714376
-71.4811545 -16.3708253 -71.48036 -16.370012
-71.48036 -16.370012 -71.4811545 -16.3708253
-71.48036 -16.370012 -71.4800408 -16.3703285
-71.48036 -16.370012 -71.4799349 -16.3696509 -71.4795098 -16.3692897
-71.4798133 -16.3720593 -71.4801414 -16.371753
-71.4798133 -16.3720593 -71.4802279 -16.3725266
-71.4798133 -16.3720593 -71.4793418 -16.3715888
-71.4804592 -16.3686867 -71.4792973 -16.3676669
-71.4796324 -16.3691595 -71.4796105 -16.3691797 -71.4795098 -16.3692897
-71.4792496 -16.3695593 -71.4795098 -16.3692897
-71.4792496 -16.3695593 -71.4800408 -16.3703285
-71.4792496 -16.3695593 -71.4780932 -16.3686437
-71.4792496 -16.3695593 -71.4789522 -16.3698915
-71.4795098 -16.3692897 -71.4792496 -16.3695593
-71.4795098 -16.3692897 -71.4796105 -16.3691797 -71.4796324 -16.3691595
-71.4795098 -16.3692897 -71.4799349 -16.3696509 -71.48036 -16.370012
-71.4795098 -16.3692897 -71.4792422 -16.3690367 -71.4785766 -16.3684028
-71.4800408 -16.3703285 -71.48036 -16.370012
-71.4800408 -16.3703285 -71.4792496 -16.3695593
-71.4800408 -16.3703285 -71.4796819 -16.3706448
-71.4784315 -16.3682645 -71.4780932 -16.3686437
-71.4784315 -16.3682645 -71.477804 -16.3676839
-71.4784315 -16.3682645 -71.4785766 -16.3684028
-71.4780932 -16.3686437 -71.4792496 -16.3695593
-71.4780932 -16.3686437 -71.4784315 -16.3682645
-71.4780932 -16.3686437 -71.4778628 -16.368872 -71.4789522 -16.3698915
-71.4789522 -16.3698915 -71.4792496 -16.3695593
-71.4789522 -16.3698915 -71.4796819 -16.3706448
-71.4789522 -16.3698915 -71.4778628 -16.368872 -71.4780932 -16.3686437
-71.4789522 -16.3698915 -71.4786765 -16.3702339 -71.4793441 -16.3709462
-71.4804855 -16.3714376 -71.4801414 -16.371753
-71.4804855 -16.3714376 -71.4811545 -16.3708253
-71.4804855 -16.3714376 -71.4813041 -16.3722383
-71.4804855 -16.3714376 -71.4801816 -16.371138 -71.4796819 -16.3706448
-71.4796819 -16.3706448 -71.4800408 -16.3703285
-71.4796819 -16.3706448 -71.4789522 -16.3698915
-71.4796819 -16.3706448 -71.4793441 -16.3709462
-71.4796819 -16.3706448 -71.4801816 -16.371138 -71.4804855 -16.3714376
-71.4793441 -16.3709462 -71.4801414 -16.371753
-71.4793441 -16.3709462 -71.4789793 -16.3712559
-71.4793441 -16.3709462 -71.4796819 -16.3706448
-71.4793441 -16.3709462 -71.4786765 -16.3702339 -71.4789522 -16.3698915
-71.4791795 -16.371763 -71.4781925 -16.3708382
-71.4791795 -16.371763 -71.4787661 -16.3722067
-71.4791795 -16.371763 -71.4793418 -16.3715888
-71.4931463 -16.3785214 -71.4935273 -16.3785309
-71.4931463 -16.3785214 -71.4931481 -16.3781108 -71.4934673 -16.3781099
-71.4931463 -16.3785214 -71.4929596 -16.378508 -71.4927382 -16.3784875 -71.4926318 -16.3784467 -71.4925509 -16.3783691 -71.4925083 -16.3782955
-71.4925083 -16.3782955 -71.4925509 -16.3783691 -71.4926318 -16.3784467 -71.4927382 -16.3784875 -71.4929596 -16.378508 -71.4931463 -16.3785214
-71.4966843 -16.3677402 -71.4974067 -16.3682595 -71.4974201 -16.3682788 -71.4974248 -16.3683007 -71.4974207 -16.3683332
-71.4891031 -16.3806949 -71.4887904 -16.3810189
-71.4891031 -16.3806949 -71.489393 -16.3803945
-71.4891031 -16.3806949 -71.4884149 -16.3799839
-71.4891031 -16.3806949 -71.4892146 -16.3808101 -71.4897671 -16.3813736
-71.4912203 -16.3824346 -71.4909929 -16.3827195
-71.4912203 -16.3824346 -71.4909875 -16.3823078 -71.4908392 -16.3822613 -71.4907247 -16.3822254 -71.4902763 -16.3821578
-71.4912203 -16.3824346 -71.4915087 -16.3820734 -71.4915615 -16.3821791 -71.4916179 -16.3824339 -71.4916484 -16.3825639
-71.4902763 -16.3821578 -71.4899066 -16.3822859 -71.4898194 -16.3823991
-71.4902763 -16.3821578 -71.4904805 -16.382087 -71.490777 -16.3819571 -71.4911082 -16.3818426 -71.4911927 -16.3818188 -71.4914154 -16.3818214 -71.4914368 -16.3818201 -71.4914563 -16.3818143 -71.4914737 -16.3818002 -71.4914864 -16.3817352 -71.4914791 -16.3817185 -71.4914683 -16.3817088 -71.4914402 -16.3816972 -71.4909741 -16.3816509 -71.490722 -16.3816136 -71.4906449 -16.38162 -71.490496 -16.3816574 -71.4904397 -16.3816509 -71.4904021 -16.3816387 -71.490323 -16.3815995 -71.4902647 -16.3815345 -71.490264 -16.3815139 -71.4902674 -16.3814972 -71.4903264 -16.3814483 -71.4907026 -16.3811935
-71.4902763 -16.3821578 -71.4907247 -16.3822254 -71.4908392 -16.3822613 -71.4909875 -16.3823078 -71.4912203 -16.3824346
-71.4916484 -16.3825639 -71.4913351 -16.3829475
-71.4916484 -16.3825639 -71.4916796 -16.3826963 -71.4917027 -16.3829317 -71.4917144 -16.3830514 -71.4917732 -16.3833017
-71.4916484 -16.3825639 -71.4916179 -16.3824339 -71.4915615 -16.3821791 -71.4915087 -16.3820734 -71.4912203 -16.3824346
-71.4913351 -16.3829475 -71.4916484 -16.3825639
-71.4913351 -16.3829475 -71.4909929 -16.3827195
-71.4913351 -16.3829475 -71.4913791 -16.3829768 -71.4916715 -16.3832161 -71.4917732 -16.3833017
-71.4917732 -16.3833017 -71.4917144 -16.3830514 -71.4917027 -16.3829317 -71.4916796 -16.3826963 -71.4916484 -16.3825639
-71.4917732 -16.3833017 -71.4918673 -16.3833808 -71.4918784 -16.383446 -71.4918195 -16.3835571 -71.4917544 -16.3837034 -71.4917138 -16.3838223 -71.4916935 -16.3838906 -71.4916589 -16.3839238 -71.4915878 -16.3840486 -71.4915024 -16.3841363 -71.4914292 -16.3841714 -71.4913174 -16.384148 -71.4912095 -16.3840853
-71.4917732 -16.3833017 -71.4916715 -16.3832161 -71.4913791 -16.3829768 -71.4913351 -16.3829475
-71.4909929 -16.3827195 -71.4912203 -16.3824346
-71.4909929 -16.3827195 -71.4913351 -16.3829475
-71.4909929 -16.3827195 -71.4906764 -16.3826063 -71.4902285 -16.382493 -71.4898194 -16.3823991
-71.4894416 -16.380096 -71.4894263 -16.3800704
-71.4894416 -16.380096 -71.489507 -16.3802053 -71.4896008 -16.3803752 -71.4896625 -16.3805244 -71.48965 -16.3806472
-71.4894416 -16.380096 -71.489464 -16.3802928 -71.489393 -16.3803945
-71.48965 -16.3806472 -71.4899308 -16.3809362
-71.48965 -16.3806472 -71.4895633 -16.3805579 -71.489393 -16.3803945
-71.48965 -16.3806472 -71.4896625 -16.3805244 -71.4896008 -16.3803752 -71.489507 -16.3802053 -71.4894416 -16.380096
-71.4894263 -16.3800704 -71.4899694 -16.3799584
-71.4894263 -16.3800704 -71.4894416 -16.380096
-71.4894263 -16.3800704 -71.4893702 -16.3799763 -71.4891958 -16.3797602 -71.4889866 -16.379544 -71.4889115 -16.3794025 -71.4888364 -16.3792095 -71.4888393 -16.3791209
-71.4887904 -16.3810189 -71.4891031 -16.3806949
-71.4887904 -16.3810189 -71.4886352 -16.3808667 -71.4884234 -16.3806016 -71.4880854 -16.3803109
-71.4887904 -16.3810189 -71.4893568 -16.3815744 -71.4894345 -16.381649 -71.489625 -16.3816155 -71.4900354 -16.3813634
-71.489393 -16.3803945 -71.4891031 -16.3806949
-71.489393 -16.3803945 -71.4895633 -16.3805579 -71.48965 -16.3806472
-71.489393 -16.3803945 -71.4892066 -16.3802156 -71.488713 -16.3796881
-71.489393 -16.3803945 -71.489464 -16.3802928 -71.4894416 -16.380096
-71.4897671 -16.3813736 -71.4892146 -16.3808101 -71.4891031 -16.3806949
-71.4884149 -16.3799839 -71.488713 -16.3796881
-71.4884149 -16.3799839 -71.4880854 -16.3803109
-71.4884149 -16.3799839 -71.4891031 -16.3806949
-71.4884149 -16.3799839 -71.4880881 -16.379701 -71.4877582 -16.3793201 -71.4876937 -16.3792662
-71.488713 -16.3796881 -71.4884149 -16.3799839
-71.488713 -16.3796881 -71.4892066 -16.3802156 -71.489393 -16.3803945
-71.488713 -16.3796881 -71.488426 -16.379405 -71.4883869 -16.379333 -71.4882222 -16.3790293 -71.4881176 -16.3786485 -71.4880747 -16.3783603 -71.4881284 -16.3781421 -71.4881474 -16.3780833
-71.4880854 -16.3803109 -71.4884149 -16.3799839
-71.4880854 -16.3803109 -71.4876965 -16.3806151
-71.4880854 -16.3803109 -71.4880264 -16.3802594 -71.4873771 -16.3795959
-71.4880854 -16.3803109 -71.4884234 -16.3806016 -71.4886352 -16.3808667 -71.4887904 -16.3810189
-71.4900354 -16.3813634 -71.4899147 -16.3809902 -71.4899308 -16.3809362
-71.4900354 -16.3813634 -71.489625 -16.3816155 -71.4894345 -16.381649 -71.4893568 -16.3815744 -71.4887904 -16.3810189
-71.4900354 -16.3813634 -71.4901507 -16.381335 -71.4905821 -16.3812218 -71.4907026 -16.3811935
-71.4899308 -16.3809362 -71.48965 -16.3806472
-71.4899308 -16.3809362 -71.4899147 -16.3809902 -71.4900354 -16.3813634
-71.4899308 -16.3809362 -71.49003 -16.3808899 -71.4907616 -16.3806988
-71.4907616 -16.3806988 -71.49087 -16.3811535
-71.4907616 -16.3806988 -71.4906606 -16.380275
-71.4907616 -16.3806988 -71.4912145 -16.3806008
-71.4907616 -16.3806988 -71.49003 -16.3808899 -71.4899308 -16.3809362
-71.4917157 -16.380496 -71.4912145 -16.3806008
-71.4917157 -16.380496 -71.4917319 -16.3806235
-71.4917157 -16.380496 -71.4916608 -16.3800612 -71.4911215 -16.3801715
-71.4922602 -16.3781287 -71.4922468 -16.3782663 -71.4922589 -16.3783976 -71.4922978 -16.3785636 -71.4923591 -16.3787149
-71.4923591 -16.3787149 -71.4925902 -16.3788196 -71.492652 -16.3788319
-71.4923591 -16.3787149 -71.4923206 -16.3786974 -71.4921039 -16.3785418
-71.4923591 -16.3787149 -71.4922978 -16.3785636 -71.4922589 -16.3783976 -71.4922468 -16.3782663 -71.4922602 -16.3781287
-71.4920651 -16.3802135 -71.4921074 -16.3802285 -71.4921583 -16.3802144 -71.4922348 -16.3801307
-71.4920651 -16.3802135 -71.492047 -16.380289 -71.4920121 -16.3803559 -71.4918244 -16.3805257 -71.4917319 -16.3806235
-71.4920651 -16.3802135 -71.4920738 -16.380177 -71.4920551 -16.3801191 -71.4920591 -16.3800651 -71.4921275 -16.3800278 -71.4921972 -16.3800304 -71.4922321 -16.3800857 -71.4923072 -16.3801191 -71.4924762 -16.380105 -71.4927162 -16.3800793
-71.4922348 -16.3801307 -71.4921583 -16.3802144 -71.4921074 -16.3802285 -71.4920651 -16.3802135
-71.4917319 -16.3806235 -71.4917157 -16.380496
-71.4917319 -16.3806235 -71.49165 -16.3807355 -71.4915977 -16.3808204 -71.4914301 -16.3809593 -71.4913845 -16.3810198 -71.4913105 -16.3810435
-71.4917319 -16.3806235 -71.4918244 -16.3805257 -71.4920121 -16.3803559 -71.492047 -16.380289 -71.4920651 -16.3802135
-71.5069101 -16.3799415 -71.5066886 -16.3799449
-71.5069101 -16.3799415 -71.5068955 -16.3799878 -71.5068834 -16.3806286 -71.5068823 -16.3806878
-71.5069101 -16.3799415 -71.5069315 -16.3798694 -71.5069436 -16.3797896 -71.5069503 -16.3797407 -71.5069671 -16.3796508
-71.4789793 -16.3712559 -71.4793441 -16.3709462
-71.4789793 -16.3712559 -71.4781811 -16.3702094 -71.4780938 -16.3701045 -71.4772666 -16.369071
-71.4789793 -16.3712559 -71.4792593 -16.3715065 -71.4793418 -16.3715888
-71.5002873 -16.3711618 -71.5000081 -16.3709693
-71.5002873 -16.3711618 -71.5005665 -16.3713605
-71.5002873 -16.3711618 -71.5006351 -16.3708199
-71.4989735 -16.3714375 -71.4990792 -16.3714803 -71.499482 -16.3717287 -71.4998797 -16.3720038 -71.5000432 -16.3721302 -71.5001757 -16.3722632 -71.500379 -16.3723896 -71.500886 -16.3728123 -71.5010566 -16.3731235
-71.4989735 -16.3714375 -71.4987727 -16.371358 -71.4985808 -16.3712642 -71.4975536 -16.3706505 -71.4973409 -16.3705467
-71.4989735 -16.3714375 -71.4990654 -16.3712891 -71.4990782 -16.3712593 -71.4990825 -16.3712338 -71.4990721 -16.371197 -71.499025 -16.3711543 -71.4986724 -16.3709016 -71.498662 -16.3708557 -71.49868 -16.3708056 -71.4988164 -16.3705986
-71.522588 -16.3916914 -71.522131 -16.391151
-71.522588 -16.3916914 -71.5230021 -16.392189
-71.522588 -16.3916914 -71.5217387 -16.392372
-71.522588 -16.3916914 -71.5230843 -16.3913028 -71.5232882 -16.3911404
-71.5216793 -16.3906225 -71.5212375 -16.3901055
-71.5216793 -16.3906225 -71.522131 -16.391151
-71.5216793 -16.3906225 -71.520866 -16.3912695
-71.5216793 -16.3906225 -71.5221555 -16.3902436 -71.5224041 -16.3900544
-71.522131 -16.391151 -71.5216793 -16.3906225
-71.522131 -16.391151 -71.522588 -16.3916914
-71.522131 -16.391151 -71.5213177 -16.3917938
-71.522131 -16.391151 -71.5226114 -16.3907713 -71.5228429 -16.390584
-71.5112359 -16.385917 -71.5114702 -16.3857702 -71.5116351 -16.3855119 -71.5119241 -16.3853097
-71.5112359 -16.385917 -71.5110201 -16.385682 -71.5110156 -16.3856771 -71.510893 -16.3855631 -71.510803 -16.3854054 -71.5107629 -16.3852453 -71.5107296 -16.3851767 -71.5106783 -16.3851191 -71.5106127 -16.385077 -71.5105191 -16.3850347 -71.5104767 -16.3850155 -71.5103704 -16.3849134 -71.5102009 -16.3847169 -71.5101333 -16.3845562 -71.5099372 -16.3839443
-71.5112359 -16.385917 -71.5112581 -16.3859412 -71.5115613 -16.3862922
-71.5043067 -16.3714607 -71.5039372 -16.3712121
-71.5043067 -16.3714607 -71.5046879 -16.3717172
-71.4859812 -16.3781591 -71.4863081 -16.3785533 -71.4866339 -16.3788668
-71.4859812 -16.3781591 -71.485725 -16.3783474 -71.4855888 -16.3784488
-71.4859812 -16.3781591 -71.486156 -16.3779911 -71.4862749 -16.3778868 -71.4863809 -16.3777636 -71.4865014 -16.3775921 -71.4865266 -16.3774867 -71.486465 -16.3773861 -71.4862907 -16.3772433 -71.4858471 -16.3768318
-71.4860695 -16.3790223 -71.4855888 -16.3784488
-71.4855888 -16.3784488 -71.4860695 -16.3790223
-71.4855888 -16.3784488 -71.4852869 -16.3781887 -71.4851376 -16.3781155 -71.484622 -16.3779421 -71.4842642 -16.3777512
-71.4855888 -16.3784488 -71.4854488 -16.3786202 -71.4851913 -16.3788878 -71.485135 -16.378965 -71.485139 -16.3790223
-71.4855888 -16.3784488 -71.485725 -16.3783474 -71.4859812 -16.3781591
-71.485139 -16.3790223 -71.485076 -16.3790062 -71.4850274 -16.3789966 -71.4849965 -16.3790005 -71.4849363 -16.3790298
-71.485139 -16.3790223 -71.4852561 -16.3791287 -71.4854225 -16.3792647 -71.4856012 -16.3794184 -71.485786 -16.3794539 -71.4859524 -16.3794302 -71.4860695 -16.379377 -71.486316 -16.3791642 -71.4866339 -16.3788668
-71.485139 -16.3790223 -71.485135 -16.378965 -71.4851913 -16.3788878 -71.4854488 -16.3786202 -71.4855888 -16.3784488
-71.4868789 -16.3797663 -71.487021 -16.3799155
-71.487021 -16.3799155 -71.4868789 -16.3797663
-71.487021 -16.3799155 -71.4876965 -16.3806151
-71.487021 -16.3799155 -71.4873771 -16.3795959
-71.487021 -16.3799155 -71.4866968 -16.3802065
-71.4876965 -16.3806151 -71.4880854 -16.3803109
-71.4876965 -16.3806151 -71.487021 -16.3799155
-71.4876965 -16.3806151 -71.4875443 -16.3807 -71.4874133 -16.3807068 -71.487247 -16.3806457 -71.4870877 -16.3805778 -71.4869674 -16.3805744 -71.4868435 -16.3805982 -71.4867338 -16.3806117 -71.4863386 -16.3806924 -71.486173 -16.3807902
-71.4876937 -16.3792662 -71.4873771 -16.3795959
-71.4876937 -16.3792662 -71.4877582 -16.3793201 -71.4880881 -16.379701 -71.4884149 -16.3799839
-71.4876937 -16.3792662 -71.4876636 -16.3792411 -71.4875919 -16.3791812 -71.4873397 -16.3789032 -71.4872553 -16.3788132 -71.4872003 -16.3787643 -71.4870286 -16.3786356 -71.4869803 -16.378543
-71.4873771 -16.3795959 -71.4876937 -16.3792662
-71.4873771 -16.3795959 -71.487021 -16.3799155
-71.4873771 -16.3795959 -71.4873103 -16.3795276 -71.4866339 -16.3788668
-71.4873771 -16.3795959 -71.4880264 -16.3802594 -71.4880854 -16.3803109
-71.4864573 -16.3804215 -71.4866968 -16.3802065
-71.4869803 -16.378543 -71.4866339 -16.3788668
-71.4869803 -16.378543 -71.4870286 -16.3786356 -71.4872003 -16.3787643 -71.4872553 -16.3788132 -71.4873397 -16.3789032 -71.4875919 -16.3791812 -71.4876636 -16.3792411 -71.4876937 -16.3792662
-71.4869803 -16.378543 -71.4871725 -16.3783661 -71.4872341 -16.3782951 -71.4872773 -16.3781946 -71.4872605 -16.3780898 -71.487314 -16.3778585 -71.4873459 -16.3776326 -71.4873676 -16.3774795 -71.4872805 -16.3771968 -71.487093 -16.3768241 -71.4869323 -16.3763937 -71.4867448 -16.3762973 -71.4863095 -16.3761174 -71.4858073 -16.3758476 -71.4852582 -16.3757383 -71.4850279 -16.3757049 -71.4848748 -16.3756505 -71.4847894 -16.3756548 -71.4846019 -16.3757962 -71.4844814 -16.375899 -71.4843073 -16.3759182 -71.4839925 -16.3762202 -71.4836376 -16.3765222
-71.4866339 -16.3788668 -71.4869803 -16.378543
-71.4866339 -16.3788668 -71.4863081 -16.3785533 -71.4859812 -16.3781591
-71.4866339 -16.3788668 -71.4873103 -16.3795276 -71.4873771 -16.3795959
-71.4866339 -16.3788668 -71.486316 -16.3791642 -71.4860695 -16.379377 -71.4859524 -16.3794302 -71.485786 -16.3794539 -71.4856012 -16.3794184 -71.4854225 -16.3792647 -71.4852561 -16.3791287 -71.485139 -16.3790223
-71.5077709 -16.37412 -71.5079512 -16.3739456 -71.5079765 -16.373927
-71.506868 -16.3729903 -71.5066173 -16.3733118
-71.506868 -16.3729903 -71.5067977 -16.3729482 -71.5062861 -16.3726833
-71.506868 -16.3729903 -71.5073251 -16.3732922 -71.5075783 -16.3734759 -71.5077584 -16.3736731 -71.5077838 -16.3737375 -71.5079765 -16.373927
-71.5066173 -16.3733118 -71.506868 -16.3729903
-71.5174703 -16.386591 -71.517274 -16.3863105
-71.5174703 -16.386591 -71.5174985 -16.3866772 -71.5175509 -16.3867788
-71.5174703 -16.386591 -71.5175588 -16.3865395 -71.5175763 -16.3865447 -71.5176896 -16.3866637
-71.5072928 -16.379033 -71.5071079 -16.3788616 -71.5069847 -16.3787581 -71.5069487 -16.3787297
-71.5069487 -16.3787297 -71.5066998 -16.3790315
-71.5069487 -16.3787297 -71.5068984 -16.3786901 -71.5067694 -16.3785141
-71.5069487 -16.3787297 -71.5069847 -16.3787581 -71.5071079 -16.3788616 -71.5072928 -16.379033
-71.5066998 -16.3790315 -71.5069487 -16.3787297
-71.5066998 -16.3790315 -71.5067479 -16.3790643 -71.5068138 -16.379102 -71.5068665 -16.3791534 -71.5069957 -16.3792373 -71.5070341 -16.3792542
-71.5066998 -16.3790315 -71.5066025 -16.3789409 -71.5065221 -16.3788969 -71.5064524 -16.3788515
-71.5090149 -16.3788007 -71.5089194 -16.3786845
-71.5090149 -16.3788007 -71.5092863 -16.3790838
-71.5090149 -16.3788007 -71.5087717 -16.3790005 -71.508556 -16.3791683
-71.5106819 -16.3764984 -71.5112119 -16.3768188
-71.5106819 -16.3764984 -71.5106787 -16.3765534 -71.5106636 -16.376627 -71.5102106 -16.377016
-71.5106819 -16.3764984 -71.5099957 -16.3761225 -71.5087535 -16.3753771 -71.5076974 -16.3746093 -71.5067157 -16.3736987 -71.5063016 -16.3735023 -71.5061016 -16.3734175 -71.5058768 -16.3736551
-71.5046091 -16.3782974 -71.5046984 -16.3780728 -71.5047746 -16.3779859
-71.5020842 -16.3748242 -71.5022135 -16.3746407
-71.5015358 -16.372929 -71.5018069 -16.3725683
-71.5015358 -16.372929 -71.5013556 -16.3731633 -71.5016089 -16.3735456
-71.5015358 -16.372929 -71.5009426 -16.3725242 -71.5009272 -16.372471 -71.5009489 -16.3724398 -71.5010872 -16.3722613
-71.5014012 -16.373996 -71.5011614 -16.3742121
-71.5014012 -16.373996 -71.5012845 -16.3737168
-71.5014012 -16.373996 -71.5014321 -16.3740453 -71.5014672 -16.3740839 -71.5017084 -16.3742733
-71.5011614 -16.3742121 -71.5014012 -16.373996
-71.4992405 -16.3729069 -71.4991482 -16.3729716
-71.4992405 -16.3729069 -71.4994514 -16.3726779
-71.4992405 -16.3729069 -71.499325 -16.3728893 -71.4998942 -16.3729279 -71.4999972 -16.3729377 -71.5000826 -16.3729697 -71.5001231 -16.3730089 -71.5001691 -16.3731036
-71.5001244 -16.3726787 -71.5002626 -16.3731015
-71.5002994 -16.3716787 -71.4997651 -16.3712836
-71.5002994 -16.3716787 -71.5008807 -16.3721086
-71.5002994 -16.3716787 -71.5005665 -16.3713605
-71.5015389 -16.3712372 -71.5017457 -16.3713855
-71.5015389 -16.3712372 -71.5009718 -16.3708306
-71.5015389 -16.3712372 -71.5011501 -16.3717549
-71.5011501 -16.3717549 -71.5005665 -16.3713605
-71.5011501 -16.3717549 -71.5013679 -16.3719021
-71.5011501 -16.3717549 -71.5008807 -16.3721086
-71.5011501 -16.3717549 -71.5015389 -16.3712372
-71.5008807 -16.3721086 -71.5002994 -16.3716787
-71.5008807 -16.3721086 -71.5010872 -16.3722613
-71.5008807 -16.3721086 -71.5011501 -16.3717549
-71.5009057 -16.3704786 -71.5006351 -16.3708199
-71.5009057 -16.3704786 -71.5010474 -16.3703219
-71.5009057 -16.3704786 -71.5004285 -16.3701253 -71.5003662 -16.3701347 -71.4999848 -16.3703344
-71.5010474 -16.3703219 -71.5009057 -16.3704786
-71.5006351 -16.3708199 -71.5003061 -16.3705743
-71.5006351 -16.3708199 -71.5008549 -16.3709839
-71.5006351 -16.3708199 -71.5002873 -16.3711618
-71.5006351 -16.3708199 -71.5009057 -16.3704786
-71.4994514 -16.3726779 -71.4992405 -16.3729069
-71.4994514 -16.3726779 -71.4995962 -16.3725597
-71.4994514 -16.3726779 -71.498484 -16.3718148 -71.4984277 -16.3718099 -71.4981793 -16.3720612
-71.4995962 -16.3725597 -71.4994514 -16.3726779
-71.4972014 -16.3744043 -71.4970971 -16.3747806
-71.4972014 -16.3744043 -71.4972291 -16.3744448 -71.4977385 -16.3745486 -71.4977649 -16.374554 -71.4978524 -16.3745892
-71.4972014 -16.3744043 -71.4972291 -16.374342 -71.4976845 -16.3741814
-71.4976926 -16.3751464 -71.497636 -16.375391
-71.4976926 -16.3751464 -71.4977519 -16.3749566
-71.4976926 -16.3751464 -71.4973594 -16.3750842 -71.497017 -16.3751503
-71.4961855 -16.3753118 -71.4965912 -16.375233
-71.4961855 -16.3753118 -71.4961947 -16.3754773 -71.4961793 -16.3756311 -71.4961918 -16.3757484
-71.4961855 -16.3753118 -71.4961917 -16.3751729 -71.4962255 -16.3749778 -71.4962718 -16.3748181 -71.4963369 -16.3746063
-71.497636 -16.375391 -71.4975551 -16.3757596
-71.497636 -16.375391 -71.4976926 -16.3751464
-71.497636 -16.375391 -71.4980131 -16.3754882
-71.4980131 -16.3754882 -71.4979288 -16.3758434
-71.4980131 -16.3754882 -71.4981173 -16.3750434
-71.4980131 -16.3754882 -71.4986459 -16.3756245
-71.4980131 -16.3754882 -71.497636 -16.375391
-71.4986459 -16.3756245 -71.4988899 -16.3759225
-71.4986459 -16.3756245 -71.4980131 -16.3754882
-71.4986459 -16.3756245 -71.4984162 -16.3753095 -71.4983248 -16.3751681 -71.4982483 -16.3750429
-71.4968225 -16.3759089 -71.4961918 -16.3757484
-71.4968225 -16.3759089 -71.4971967 -16.3760041
-71.4968225 -16.3759089 -71.4967093 -16.37624
-71.4967093 -16.37624 -71.4968225 -16.3759089
-71.4971967 -16.3760041 -71.4968225 -16.3759089
-71.4971967 -16.3760041 -71.4974752 -16.376075
-71.4971967 -16.3760041 -71.4969927 -16.376577
-71.4969927 -16.376577 -71.4971967 -16.3760041
-71.4950039 -16.375029 -71.4945603 -16.3749032
-71.4950039 -16.375029 -71.4953489 -16.3751268
-71.4950039 -16.375029 -71.4950848 -16.3747367
-71.4959156 -16.3745369 -71.496011 -16.3741692
-71.4959156 -16.3745369 -71.4955509 -16.3744563
-71.4959156 -16.3745369 -71.4957342 -16.375236 -71.4953489 -16.3751268
-71.4970971 -16.3747806 -71.4967201 -16.3746942
-71.4970971 -16.3747806 -71.4977519 -16.3749566
-71.4970971 -16.3747806 -71.497017 -16.3751503
-71.4970971 -16.3747806 -71.4972014 -16.3744043
-71.497017 -16.3751503 -71.4970971 -16.3747806
-71.497017 -16.3751503 -71.4969003 -16.3751729 -71.4965912 -16.375233
-71.497017 -16.3751503 -71.4973594 -16.3750842 -71.4976926 -16.3751464
-71.4965912 -16.375233 -71.4961855 -16.3753118
-71.4965912 -16.375233 -71.4967201 -16.3746942
-71.4965912 -16.375233 -71.4969003 -16.3751729 -71.497017 -16.3751503
-71.4967201 -16.3746942 -71.4963369 -16.3746063
-71.4967201 -16.3746942 -71.4970971 -16.3747806
-71.4967201 -16.3746942 -71.4968171 -16.3743688
-71.4967201 -16.3746942 -71.4965912 -16.375233
-71.4968171 -16.3743688 -71.4967201 -16.3746942
-71.4963369 -16.3746063 -71.4967201 -16.3746942
-71.4963369 -16.3746063 -71.4962718 -16.3748181 -71.4962255 -16.3749778 -71.4961917 -16.3751729 -71.4961855 -16.3753118
-71.4963369 -16.3746063 -71.4964351 -16.3742299 -71.4964381 -16.3741589 -71.4964371 -16.3740256
-71.4975817 -16.3701308 -71.4974705 -16.3703228
-71.4974705 -16.3703228 -71.4975817 -16.3701308
-71.4974705 -16.3703228 -71.4973409 -16.3705467
-71.4974705 -16.3703228 -71.4969439 -16.3698884
-71.4969439 -16.3698884 -71.4974705 -16.3703228
-71.4979144 -16.3712896 -71.4973444 -16.3709762 -71.4972736 -16.370926 -71.4972428 -16.370858 -71.4971554 -16.3707024 -71.497087 -16.3705728 -71.4970685 -16.3704268
-71.4960424 -16.3732131 -71.4954853 -16.372705
-71.4960424 -16.3732131 -71.4963366 -16.3729181
-71.4960424 -16.3732131 -71.4964056 -16.3735443 -71.4965328 -16.3736603
-71.4947916 -16.3741239 -71.4947416 -16.3742445
-71.4947916 -16.3741239 -71.494952 -16.3737678
-71.4947916 -16.3741239 -71.494293 -16.3739426
-71.494293 -16.3739426 -71.4942575 -16.3740309
-71.494293 -16.3739426 -71.4944443 -16.3735793
-71.494293 -16.3739426 -71.4947916 -16.3741239
-71.4947964 -16.3752655 -71.4945777 -16.3752271 -71.4944606 -16.3751934
-71.4938228 -16.3768559 -71.4938551 -16.3769132 -71.4941791 -16.3771736
-71.4938228 -16.3768559 -71.4938413 -16.3767997 -71.4939792 -16.376648
-71.4938228 -16.3768559 -71.4938037 -16.3771072 -71.4933365 -16.377781
-71.4939792 -16.376648 -71.4935475 -16.3762937 -71.493478 -16.3762377 -71.4934086 -16.3761918 -71.4932697 -16.3761171 -71.4931883 -16.3760951 -71.4930379 -16.3760441 -71.4929511 -16.3760254 -71.4929381 -16.376022
-71.4939792 -16.376648 -71.4941556 -16.3764539 -71.4939331 -16.3762867 -71.4937415 -16.3761129 -71.4936539 -16.3760383 -71.4933872 -16.375928 -71.4931505 -16.3758122 -71.4927787 -16.3756525 -71.4926897 -16.3756159 -71.4925818 -16.3756069 -71.4924502 -16.3756301 -71.4922614 -16.3756527 -71.4921611 -16.3756274 -71.4921094 -16.375557 -71.4920775 -16.375514 -71.4919187 -16.3752334 -71.4918878 -16.3751625 -71.4918355 -16.3750738 -71.4917554 -16.3749969 -71.491703 -16.3749615 -71.4916475 -16.374923 -71.4915674 -16.3748876 -71.4914966 -16.3748609 -71.4914426 -16.3748255 -71.4913933 -16.3747693
-71.4939792 -16.376648 -71.4938413 -16.3767997 -71.4938228 -16.3768559
-71.4943928 -16.37254 -71.493919 -16.3724562
-71.496855 -16.370222 -71.4970685 -16.3704268
-71.496855 -16.370222 -71.4968271 -16.3701952 -71.4967251 -16.3701888 -71.496642 -16.3702235 -71.4965039 -16.3704873 -71.4962799 -16.3708051 -71.4962558 -16.3709171 -71.4962732 -16.3710162 -71.4964033 -16.3712568 -71.4966179 -16.3715077 -71.4968445 -16.3716762 -71.4968535 -16.3717312 -71.4968448 -16.371776
-71.496855 -16.370222 -71.4969069 -16.3701071 -71.4969008 -16.3699918 -71.4966697 -16.3695869 -71.4965526 -16.369442 -71.4963862 -16.3693297 -71.4961952 -16.3692173 -71.4960381 -16.3691257 -71.4953233 -16.3683778 -71.495123 -16.3687
-71.495123 -16.3687 -71.4953233 -16.3683778 -71.4960381 -16.3691257 -71.4961952 -16.3692173 -71.4963862 -16.3693297 -71.4965526 -16.369442 -71.4966697 -16.3695869 -71.4969008 -16.3699918 -71.4969069 -16.3701071 -71.496855 -16.370222
-71.4938166 -16.3682507 -71.4935825 -16.3688981
-71.4894434 -16.3663066 -71.4892167 -16.3667868
-71.4894434 -16.3663066 -71.4890708 -16.3660941 -71.4885995 -16.3665518
-71.4894434 -16.3663066 -71.4896786 -16.3664478 -71.49023 -16.3667706 -71.4900986 -16.3671756
-71.4888393 -16.3677375 -71.4878704 -16.367372
-71.4888393 -16.3677375 -71.4897797 -16.3681502
-71.4888393 -16.3677375 -71.4890338 -16.3672733
-71.510514 -16.3845123 -71.5110047 -16.3841875
-71.5103194 -16.3842909 -71.5102516 -16.38388 -71.5102547 -16.3838327 -71.5104034 -16.3837649 -71.5104188 -16.383752 -71.5104225 -16.3837382 -71.5104167 -16.3836961
-71.5085125 -16.3835172 -71.5086407 -16.3836581
-71.5085125 -16.3835172 -71.5083428 -16.3833306 -71.5081014 -16.3831479 -71.5077192 -16.3829293 -71.5073278 -16.3827539
-71.5085125 -16.3835172 -71.5087604 -16.383274 -71.5088472 -16.3833514 -71.50887 -16.3833595 -71.5088962 -16.3833579 -71.5089249 -16.3833506 -71.5090415 -16.3832806 -71.5091822 -16.3834485
-71.5082231 -16.3839706 -71.5082563 -16.3840368
-71.5082231 -16.3839706 -71.5078555 -16.3841277
-71.5082231 -16.3839706 -71.5080862 -16.3836972 -71.5080629 -16.3836422 -71.5079914 -16.3834739 -71.5078736 -16.3833286 -71.507715 -16.3832651 -71.5075926 -16.3832175 -71.5074151 -16.3831472 -71.5072119 -16.3830705
-71.5078555 -16.3841277 -71.5082231 -16.3839706
-71.5078555 -16.3841277 -71.5077759 -16.3839658 -71.5076034 -16.3836329 -71.5075757 -16.3836203 -71.5074091 -16.3835441 -71.5072628 -16.3834855 -71.5069901 -16.3833515 -71.5066394 -16.383179
-71.5078555 -16.3841277 -71.5079182 -16.384255 -71.5080245 -16.3844619 -71.5081815 -16.3845684 -71.5083342 -16.3846525 -71.5086483 -16.3848617 -71.5086829 -16.3848848 -71.5091969 -16.3852756 -71.5092777 -16.385337 -71.5093166 -16.3853524 -71.5094221 -16.385351 -71.5094916 -16.3853195 -71.5095259 -16.3852758 -71.5095438 -16.3852492 -71.50954 -16.3851987 -71.5095234 -16.3851531 -71.5094312 -16.3850178 -71.5093966 -16.3849812 -71.5092423 -16.384818 -71.5088952 -16.3845798 -71.5088436 -16.3845444 -71.5085339 -16.384332 -71.5084003 -16.3842403 -71.508354 -16.384191 -71.5083025 -16.3841361 -71.5082563 -16.3840368
-71.5072039 -16.382266 -71.5070987 -16.3822109
-71.5070987 -16.3822109 -71.5072039 -16.382266
-71.5070987 -16.3822109 -71.5067998 -16.3828888
-71.5070987 -16.3822109 -71.5069529 -16.3821073 -71.5067107 -16.3819948 -71.506577 -16.3822394
-71.5067998 -16.3828888 -71.5066394 -16.383179
-71.5067998 -16.3828888 -71.5070987 -16.3822109
-71.5067998 -16.3828888 -71.5071375 -16.3830415 -71.5072119 -16.3830705
-71.5067998 -16.3828888 -71.5065592 -16.3827634 -71.5063424 -16.3826414
-71.5066394 -16.383179 -71.5067998 -16.3828888
-71.5066394 -16.383179 -71.5063904 -16.3830566 -71.5061511 -16.382939 -71.5058772 -16.3828043 -71.5056115 -16.3826841 -71.5055 -16.3826822 -71.5054615 -16.3826816 -71.5053215 -16.3827355 -71.5051956 -16.382732 -71.5051018 -16.3825938 -71.5048829 -16.3822704 -71.50487 -16.3822614 -71.504631 -16.382118 -71.5043659 -16.3819473
-71.5066394 -16.383179 -71.5069901 -16.3833515 -71.5072628 -16.3834855 -71.5074091 -16.3835441 -71.5075757 -16.3836203 -71.5076034 -16.3836329 -71.5077759 -16.3839658 -71.5078555 -16.3841277
-71.5063424 -16.3826414 -71.506577 -16.3822394
-71.5063424 -16.3826414 -71.506058 -16.3824883 -71.5057093 -16.3823083 -71.5053344 -16.3821254 -71.5050897 -16.3819417 -71.504985 -16.381886 -71.5048207 -16.381833 -71.504549 -16.381782
-71.5063424 -16.3826414 -71.5065592 -16.3827634 -71.5067998 -16.3828888
-71.506577 -16.3822394 -71.5063424 -16.3826414
-71.506577 -16.3822394 -71.5067107 -16.3819948 -71.5069529 -16.3821073 -71.5070987 -16.3822109
-71.506577 -16.3822394 -71.506336 -16.3821235 -71.5061846 -16.3820502 -71.5059714 -16.3819557
-71.5059714 -16.3819557 -71.5061846 -16.3820502 -71.506336 -16.3821235 -71.506577 -16.3822394
-71.5021937 -16.3821426 -71.5021195 -16.382181
-71.5021937 -16.3821426 -71.5023536 -16.382458
-71.5021937 -16.3821426 -71.5023972 -16.3821124 -71.5028832 -16.3820284 -71.5033161 -16.3819571
-71.5017165 -16.3823743 -71.501357 -16.3825467
-71.5017165 -16.3823743 -71.5021195 -16.382181
-71.5017165 -16.3823743 -71.5014183 -16.3816989
-71.5022778 -16.3797769 -71.5018417 -16.3798667
-71.5022778 -16.3797769 -71.5023549 -16.3801998
-71.5022778 -16.3797769 -71.503371 -16.3795519 -71.5040094 -16.3795465 -71.5039909 -16.3799485
-71.5023549 -16.3801998 -71.5022778 -16.3797769
-71.5039909 -16.3799485 -71.5040094 -16.3795465 -71.503371 -16.3795519 -71.5022778 -16.3797769
-71.5007805 -16.3785356 -71.5010214 -16.3784979
-71.5011566 -16.3790515 -71.5006249 -16.3791731
-71.5011566 -16.3790515 -71.5015999 -16.3789501
-71.5011566 -16.3790515 -71.5010214 -16.3784979
-71.5010214 -16.3784979 -71.5007805 -16.3785356
-71.5010214 -16.3784979 -71.5011566 -16.3790515
-71.5010214 -16.3784979 -71.5014624 -16.3784289 -71.5015999 -16.3789501
-71.4977527 -16.3787795 -71.4981532 -16.3789968
-71.4977527 -16.3787795 -71.4979305 -16.3783464 -71.4983081 -16.3785381
-71.4977527 -16.3787795 -71.4975839 -16.3786965 -71.4972142 -16.3786736 -71.4969975 -16.3786602 -71.4967683 -16.3786158 -71.4967109 -16.3785741
-71.4998067 -16.3793602 -71.4987756 -16.3796045
-71.4998067 -16.3793602 -71.4999899 -16.3793183
-71.4998067 -16.3793602 -71.499773 -16.3793071 -71.499699 -16.3792627 -71.4995388 -16.3792155 -71.4994066 -16.3791732
-71.4994066 -16.3791732 -71.4995635 -16.3787543
-71.4994066 -16.3791732 -71.4995388 -16.3792155 -71.499699 -16.3792627 -71.499773 -16.3793071 -71.4998067 -16.3793602
-71.4994066 -16.3791732 -71.49928 -16.3791327 -71.499052 -16.3790026 -71.4988283 -16.3788497
-71.4995635 -16.3787543 -71.4994066 -16.3791732
-71.4988283 -16.3788497 -71.4986341 -16.3793259
-71.4988283 -16.3788497 -71.499052 -16.3790026 -71.49928 -16.3791327 -71.4994066 -16.3791732
-71.4988283 -16.3788497 -71.498559 -16.3786656 -71.4983081 -16.3785381
-71.4986341 -16.3793259 -71.4988283 -16.3788497
-71.4986341 -16.3793259 -71.4985315 -16.3792223 -71.4983663 -16.379129 -71.4981532 -16.3789968
-71.4986341 -16.3793259 -71.498665 -16.3794739 -71.4987756 -16.3796045
-71.4983081 -16.3785381 -71.4981532 -16.3789968
-71.4983081 -16.3785381 -71.498559 -16.3786656 -71.4988283 -16.3788497
-71.4983081 -16.3785381 -71.4979305 -16.3783464 -71.4977527 -16.3787795
-71.4981532 -16.3789968 -71.4983081 -16.3785381
-71.4981532 -16.3789968 -71.4977527 -16.3787795
-71.4981532 -16.3789968 -71.4983663 -16.379129 -71.4985315 -16.3792223 -71.4986341 -16.3793259
-71.4895501 -16.3795938 -71.4898671 -16.3795271
-71.5153048 -16.3948835 -71.5157487 -16.3945897
-71.5153048 -16.3948835 -71.5147936 -16.3952217
-71.5153048 -16.3948835 -71.5149696 -16.3944184
-71.5149696 -16.3944184 -71.5153948 -16.3941509
-71.5149696 -16.3944184 -71.5153048 -16.3948835
-71.5149696 -16.3944184 -71.5145355 -16.3946962 -71.5145116 -16.39472 -71.5144956 -16.3947492 -71.5144887 -16.3947816 -71.5144916 -16.3948145 -71.5147936 -16.3952217
-71.5091296 -16.3917672 -71.5089265 -16.3918985 -71.5091642 -16.392261
-71.4896678 -16.3830489 -71.4894845 -16.3838983
-71.4896678 -16.3830489 -71.4905221 -16.3831262
-71.4896678 -16.3830489 -71.4888545 -16.3829678
-71.4896678 -16.3830489 -71.489767 -16.3824959 -71.4898194 -16.3823991
-71.4905221 -16.3831262 -71.4896678 -16.3830489
-71.5048953 -16.3812392 -71.5049087 -16.3808833 -71.5050082 -16.3805703
-71.5048953 -16.3812392 -71.5046301 -16.3812258 -71.5041872 -16.3811615 -71.503941 -16.3811288
-71.5048953 -16.3812392 -71.5049692 -16.381243 -71.5051023 -16.3812552 -71.5053671 -16.3812646
-71.5050082 -16.3805703 -71.5049087 -16.3808833 -71.5048953 -16.3812392
-71.504988 -16.3788264 -71.5048566 -16.3791171 -71.5049049 -16.3791918 -71.5050148 -16.3791969 -71.505275 -16.3792973 -71.5052513 -16.3794821 -71.5052809 -16.3795234 -71.5053239 -16.3795256 -71.5054896 -16.3794182 -71.5055754 -16.3794465 -71.5055727 -16.3795134 -71.505436 -16.3797039 -71.5052884 -16.3801645 -71.5054048 -16.3809605 -71.5054915 -16.3810569
-71.5059344 -16.3801166 -71.5061825 -16.3802646
-71.5059344 -16.3801166 -71.5060014 -16.3798591
-71.5059344 -16.3801166 -71.5057982 -16.3805149 -71.5057823 -16.3805402
-71.5061825 -16.3802646 -71.5059344 -16.3801166
-71.5064732 -16.3806835 -71.5060053 -16.3806626 -71.5058538 -16.3806611
-71.5064732 -16.3806835 -71.5064884 -16.3806842 -71.5068823 -16.3806878
-71.5064732 -16.3806835 -71.5064611 -16.3799483 -71.5066886 -16.3799449
-71.5063139 -16.3800406 -71.5060014 -16.3798591
-71.5129503 -16.3899834 -71.5127766 -16.3897627
-71.5129503 -16.3899834 -71.5130576 -16.390103
-71.5129503 -16.3899834 -71.5127647 -16.3900601 -71.5126261 -16.390125 -71.5125974 -16.3901588 -71.512591 -16.3901955 -71.512594 -16.3902604
-71.5103258 -16.3921206 -71.5102804 -16.3920761 -71.5102387 -16.3920416 -71.5101836 -16.3920344 -71.5100849 -16.3920683 -71.5093781 -16.3925505
-71.5103258 -16.3921206 -71.5110035 -16.3912949 -71.5110827 -16.3911546 -71.5111296 -16.3909989 -71.5111631 -16.3907596 -71.5111671 -16.3905718
-71.5103258 -16.3921206 -71.5100589 -16.3924777 -71.5099092 -16.3926837 -71.5098702 -16.3927821
-71.5101891 -16.3927718 -71.5102898 -16.3927858 -71.5104381 -16.3928496 -71.5105006 -16.3928902 -71.5105594 -16.3929432 -71.5106471 -16.3930675 -71.5107276 -16.3931747
-71.5101891 -16.3927718 -71.5101116 -16.3927605 -71.5099521 -16.3927603 -71.5098702 -16.3927821
-71.5101008 -16.378893 -71.5097824 -16.3785531
-71.5101008 -16.378893 -71.5101632 -16.3788465
-71.5016089 -16.3735456 -71.5020702 -16.3738716
-71.5016089 -16.3735456 -71.5012586 -16.373298 -71.501222 -16.3732668 -71.5010566 -16.3731235
-71.5016089 -16.3735456 -71.5013556 -16.3731633 -71.5015358 -16.372929
-71.4882195 -16.3838234 -71.4894845 -16.3838983
-71.4804928 -16.3784127 -71.4802143 -16.3780104
-71.4804928 -16.3784127 -71.4813125 -16.3775815
-71.4855539 -16.3752024 -71.4857806 -16.3746838
-71.4855539 -16.3752024 -71.4873016 -16.3750801 -71.4874896 -16.3755626
-71.4855539 -16.3752024 -71.4854179 -16.3754399 -71.4853859 -16.3755069 -71.4853358 -16.3756462
-71.4853358 -16.3756462 -71.4857291 -16.3756506 -71.4861265 -16.3756347 -71.4864671 -16.3756224 -71.4874896 -16.3755626
-71.4853358 -16.3756462 -71.4851115 -16.3756329 -71.4848977 -16.3755371
-71.4853358 -16.3756462 -71.4853859 -16.3755069 -71.4854179 -16.3754399 -71.4855539 -16.3752024
-71.4874896 -16.3755626 -71.487568 -16.3757009
-71.4874896 -16.3755626 -71.4873016 -16.3750801 -71.4855539 -16.3752024
-71.4874896 -16.3755626 -71.4864671 -16.3756224 -71.4861265 -16.3756347 -71.4857291 -16.3756506 -71.4853358 -16.3756462
-71.4857806 -16.3746838 -71.4853791 -16.3744961
-71.4857806 -16.3746838 -71.4855539 -16.3752024
-71.4857806 -16.3746838 -71.4860148 -16.3747693 -71.4872104 -16.3746768
-71.4849571 -16.3742989 -71.4855851 -16.3740599
-71.4849571 -16.3742989 -71.4844754 -16.3753478
-71.4849571 -16.3742989 -71.4853791 -16.3744961
-71.4849571 -16.3742989 -71.4847301 -16.374393 -71.4844518 -16.3743355
-71.4855851 -16.3740599 -71.4849571 -16.3742989
-71.4855851 -16.3740599 -71.4853791 -16.3744961
-71.4855851 -16.3740599 -71.4860879 -16.3743348 -71.4861812 -16.3743559 -71.4863669 -16.3743744 -71.4864614 -16.3743896 -71.4865471 -16.3744161 -71.4871368 -16.3745623
-71.4830294 -16.3759747 -71.4836376 -16.3765222
-71.4849713 -16.37765 -71.4855771 -16.3770644
-71.4849363 -16.3790298 -71.4849965 -16.3790005 -71.4850274 -16.3789966 -71.485076 -16.3790062 -71.485139 -16.3790223
-71.4849363 -16.3790298 -71.484907 -16.3789804 -71.484738 -16.3787334 -71.4844966 -16.3784863 -71.4842042 -16.3782419 -71.4839655 -16.3780849 -71.483767 -16.3779434 -71.4836866 -16.3778533 -71.4836276 -16.377668 -71.4836034 -16.3775445 -71.4835632 -16.3774441 -71.4835042 -16.3773515 -71.483244 -16.3771096 -71.4832011 -16.3770015 -71.4832172 -16.3769037 -71.4832756 -16.3768369
-71.4849363 -16.3790298 -71.4850706 -16.3792558 -71.4852932 -16.3795775 -71.4853951 -16.3796933 -71.4855292 -16.3797859
-71.4851564 -16.3797319 -71.4855292 -16.3797859
-71.4855292 -16.3797859 -71.4851564 -16.3797319
-71.4855292 -16.3797859 -71.4853951 -16.3796933 -71.4852932 -16.3795775 -71.4850706 -16.3792558 -71.4849363 -16.3790298
-71.4855292 -16.3797859 -71.4856499 -16.3797988 -71.4860308 -16.3798888 -71.4862615 -16.379948 -71.4864761 -16.3800123 -71.4866968 -16.3802065
-71.4866968 -16.3802065 -71.487021 -16.3799155
-71.4866968 -16.3802065 -71.4864573 -16.3804215
-71.4866968 -16.3802065 -71.4864761 -16.3800123 -71.4862615 -16.379948 -71.4860308 -16.3798888 -71.4856499 -16.3797988 -71.4855292 -16.3797859
-71.4838571 -16.3772421 -71.4839252 -16.3772912 -71.4840519 -16.3774189
-71.4840519 -16.3774189 -71.4839252 -16.3772912 -71.4838571 -16.3772421
-71.4840519 -16.3774189 -71.4841658 -16.3775587 -71.4842642 -16.3777512
-71.4840519 -16.3774189 -71.4841766 -16.377315 -71.4844551 -16.3770358 -71.4845361 -16.3769439 -71.4848028 -16.3767246 -71.4848767 -16.3766416 -71.4849341 -16.3766171 -71.4850342 -16.3766539 -71.4853727 -16.3769643 -71.485477 -16.3770399 -71.4855196 -16.3770603 -71.4855771 -16.3770644
-71.4855771 -16.3770644 -71.4849713 -16.37765
-71.4855771 -16.3770644 -71.4855196 -16.3770603 -71.485477 -16.3770399 -71.4853727 -16.3769643 -71.4850342 -16.3766539 -71.4849341 -16.3766171 -71.4848767 -16.3766416 -71.4848028 -16.3767246 -71.4845361 -16.3769439 -71.4844551 -16.3770358 -71.4841766 -16.377315 -71.4840519 -16.3774189
-71.4855771 -16.3770644 -71.4856196 -16.377044 -71.4858471 -16.3768318
-71.4858471 -16.3768318 -71.4855649 -16.376569
-71.4858471 -16.3768318 -71.4856196 -16.377044 -71.4855771 -16.3770644
-71.4858471 -16.3768318 -71.4862907 -16.3772433 -71.486465 -16.3773861 -71.4865266 -16.3774867 -71.4865014 -16.3775921 -71.4863809 -16.3777636 -71.4862749 -16.3778868 -71.486156 -16.3779911 -71.4859812 -16.3781591
-71.4855649 -16.376569 -71.4858471 -16.3768318
-71.490869 -16.3680439 -71.4906969 -16.3685537
-71.490869 -16.3680439 -71.491031 -16.3675901
-71.490869 -16.3680439 -71.4899415 -16.3676597
-71.490869 -16.3680439 -71.491781 -16.3684209
-71.5214937 -16.3890619 -71.5210977 -16.3886219
-71.5214937 -16.3890619 -71.5219402 -16.3895503
-71.5214937 -16.3890619 -71.5222816 -16.3884488
-71.5214937 -16.3890619 -71.520797 -16.389604
-71.5232882 -16.3911404 -71.5228429 -16.390584
-71.5232882 -16.3911404 -71.5236965 -16.3916525
-71.5232882 -16.3911404 -71.5240832 -16.3905085
-71.5232882 -16.3911404 -71.5230843 -16.3913028 -71.522588 -16.3916914
-71.5282391 -16.3905595 -71.5283962 -16.3906924
-71.5163781 -16.4028393 -71.5164183 -16.4028319
-71.4860687 -16.3706344 -71.486004 -16.3708021 -71.4859718 -16.3710234 -71.4859452 -16.3713759 -71.4860576 -16.3716308 -71.4862422 -16.3718109
-71.4860687 -16.3706344 -71.4862623 -16.3708403 -71.4866707 -16.3712379 -71.4867669 -16.3713412
-71.4860687 -16.3706344 -71.4860137 -16.3705848 -71.4858124 -16.3700793 -71.4854506 -16.3695999
-71.4889705 -16.3821714 -71.4889169 -16.3824622 -71.4889061 -16.3826629 -71.4888793 -16.3828456 -71.4888545 -16.3829678
-71.4889705 -16.3821714 -71.4892119 -16.3823258 -71.489464 -16.3823515 -71.4898194 -16.3823991
-71.4889705 -16.3821714 -71.4886165 -16.3820479 -71.4875704 -16.3818362
-71.5127483 -16.3905962 -71.512594 -16.3902604
-71.5122749 -16.3952536 -71.5115671 -16.3953788
-71.5122749 -16.3952536 -71.5123916 -16.395233 -71.512699 -16.3950359
-71.5122749 -16.3952536 -71.5121984 -16.3952099 -71.5113784 -16.3941247 -71.5113283 -16.3940592
-71.5111671 -16.3905718 -71.5111631 -16.3907596 -71.5111296 -16.3909989 -71.5110827 -16.3911546 -71.5110035 -16.3912949 -71.5103258 -16.3921206
-71.4848185 -16.3801346 -71.4855473 -16.3811369
-71.4936055 -16.3797437 -71.4939219 -16.3797345
-71.4936055 -16.3797437 -71.4935659 -16.3789135
-71.4936055 -16.3797437 -71.4931674 -16.3797564
-71.4943182 -16.378484 -71.494327 -16.3788899
-71.4943182 -16.378484 -71.4935273 -16.3785309
-71.4943182 -16.378484 -71.495211 -16.378431
-71.494327 -16.3788899 -71.4952213 -16.3788723
-71.494327 -16.3788899 -71.4938989 -16.3788984
-71.494327 -16.3788899 -71.4943182 -16.378484
-71.5035518 -16.3710168 -71.5033842 -16.370925 -71.5032707 -16.3708562 -71.5031299 -16.3708266 -71.5030146 -16.3708304 -71.5029354 -16.370815
-71.5035518 -16.3710168 -71.5035636 -16.3710276 -71.5039372 -16.3712121
-71.5114098 -16.3940062 -71.5113879 -16.39403 -71.5113283 -16.3940592
-71.5114098 -16.3940062 -71.5114474 -16.3940508 -71.511589 -16.3942421 -71.5118562 -16.3946028 -71.5122829 -16.3951791 -71.5122749 -16.3952536
-71.4964371 -16.3740256 -71.496163 -16.3738948
-71.4964371 -16.3740256 -71.4964381 -16.3741589 -71.4964351 -16.3742299 -71.4963369 -16.3746063
-71.4964371 -16.3740256 -71.4964566 -16.3738604 -71.4964782 -16.3737421 -71.4965328 -16.3736603
-71.495521 -16.3720619 -71.4957488 -16.3721574 -71.4957605 -16.3721786 -71.4957642 -16.3722005 -71.4957602 -16.3722195 -71.495665 -16.372454
-71.4832529 -16.3747919 -71.48369 -16.3749965
-71.4832529 -16.3747919 -71.4836372 -16.3739488
-71.4832529 -16.3747919 -71.48286 -16.374617
-71.48369 -16.3749965 -71.4844754 -16.3753478
-71.48369 -16.3749965 -71.4832529 -16.3747919
-71.48369 -16.3749965 -71.4840504 -16.3741496
-71.4840504 -16.3741496 -71.4836372 -16.3739488
-71.4840504 -16.3741496 -71.4844518 -16.3743355
-71.4840504 -16.3741496 -71.48369 -16.3749965
-71.4842052 -16.3748762 -71.4844518 -16.3743355
-71.4844518 -16.3743355 -71.4840504 -16.3741496
-71.4844518 -16.3743355 -71.4842052 -16.3748762
-71.4844518 -16.3743355 -71.4847301 -16.374393 -71.4849571 -16.3742989
-71.4836372 -16.3739488 -71.4832529 -16.3747919
-71.4836372 -16.3739488 -71.4840504 -16.3741496
-71.4836372 -16.3739488 -71.4832219 -16.373761
-71.4872104 -16.3746768 -71.4871368 -16.3745623
-71.4872104 -16.3746768 -71.4873702 -16.3749206 -71.4875399 -16.3751445 -71.4875696 -16.3753359 -71.48768 -16.375511 -71.4877903 -16.3757472 -71.4878498 -16.375849
-71.4872104 -16.3746768 -71.4860148 -16.3747693 -71.4857806 -16.3746838
-71.4844754 -16.3753478 -71.4848977 -16.3755371
-71.4844754 -16.3753478 -71.48369 -16.3749965
-71.4844754 -16.3753478 -71.4849571 -16.3742989
-71.4965548 -16.3715613 -71.4961836 -16.3713329 -71.4958952 -16.3711305
-71.4754805 -16.3720998 -71.4763086 -16.3728487
-71.4754805 -16.3720998 -71.475474 -16.3723318 -71.4754465 -16.3730652
-71.4754805 -16.3720998 -71.4754847 -16.371794 -71.4755866 -16.3716035 -71.4757315 -16.3714272
-71.4763086 -16.3728487 -71.4754805 -16.3720998
-71.4763086 -16.3728487 -71.4773216 -16.3737575
-71.4763086 -16.3728487 -71.4767953 -16.3723489
-71.4763086 -16.3728487 -71.4758097 -16.3733609
-71.4773216 -16.3737575 -71.4763086 -16.3728487
-71.4773216 -16.3737575 -71.4782287 -16.3745713
-71.4773216 -16.3737575 -71.4768655 -16.3742465
-71.4773216 -16.3737575 -71.4778143 -16.3732282
-71.4782287 -16.3745713 -71.4773216 -16.3737575
-71.4782287 -16.3745713 -71.4777776 -16.3750667
-71.4782287 -16.3745713 -71.478742 -16.3740427 -71.4778143 -16.3732282
-71.4781925 -16.3708382 -71.4791795 -16.371763
-71.4781925 -16.3708382 -71.4777403 -16.3713271
-71.4781925 -16.3708382 -71.4780981 -16.3707426 -71.4771561 -16.3699025
-71.4767953 -16.3723489 -71.4777403 -16.3713271
-71.4767953 -16.3723489 -71.4763086 -16.3728487
-71.4767953 -16.3723489 -71.4757315 -16.3714272
-71.4767953 -16.3723489 -71.4778143 -16.3732282
-71.4757315 -16.3714272 -71.4767953 -16.3723489
-71.4757315 -16.3714272 -71.476682 -16.3704099
-71.4757315 -16.3714272 -71.4755866 -16.3716035 -71.4754847 -16.371794 -71.4754805 -16.3720998
-71.4778143 -16.3732282 -71.4767953 -16.3723489
-71.4778143 -16.3732282 -71.4773216 -16.3737575
-71.4778143 -16.3732282 -71.4787661 -16.3722067
-71.4778143 -16.3732282 -71.478742 -16.3740427 -71.4782287 -16.3745713
-71.4793418 -16.3715888 -71.4798133 -16.3720593
-71.4793418 -16.3715888 -71.4791795 -16.371763
-71.4793418 -16.3715888 -71.4792593 -16.3715065 -71.4789793 -16.3712559
-71.4933365 -16.377781 -71.4938037 -16.3771072 -71.4938228 -16.3768559
-71.501385 -16.3808001 -71.5010195 -16.3809101 -71.5005687 -16.3809935 -71.4999154 -16.381144
-71.5036164 -16.3823773 -71.5040231 -16.3825419
-71.5001691 -16.3731036 -71.5002626 -16.3731015
-71.5001691 -16.3731036 -71.5001231 -16.3730089 -71.5000826 -16.3729697 -71.4999972 -16.3729377 -71.4998942 -16.3729279 -71.499325 -16.3728893 -71.4992405 -16.3729069
-71.5001691 -16.3731036 -71.5000022 -16.3731547 -71.4999453 -16.3731865 -71.4998943 -16.3732396 -71.4998656 -16.3733028
-71.5176896 -16.3866637 -71.5175509 -16.3867788
-71.5176896 -16.3866637 -71.5175763 -16.3865447 -71.5175588 -16.3865395 -71.5174703 -16.386591
-71.5176896 -16.3866637 -71.51776 -16.3866116 -71.5177882 -16.3866103 -71.517815 -16.3866296 -71.517988 -16.3868406 -71.5180128 -16.3868445 -71.5180403 -16.3868355 -71.5181758 -16.3867505 -71.5181972 -16.3867492 -71.5182267 -16.3867621 -71.518418 -16.3869856
-71.518418 -16.3869856 -71.5189501 -16.3865414
-71.518418 -16.3869856 -71.518285 -16.3870966 -71.5181322 -16.3871357 -71.5179495 -16.3872335
-71.518418 -16.3869856 -71.5182267 -16.3867621 -71.5181972 -16.3867492 -71.5181758 -16.3867505 -71.5180403 -16.3868355 -71.5180128 -16.3868445 -71.517988 -16.3868406 -71.517815 -16.3866296 -71.5177882 -16.3866103 -71.51776 -16.3866116 -71.5176896 -16.3866637
-71.5073452 -16.3762575 -71.50773 -16.3765353
-71.5073452 -16.3762575 -71.5072964 -16.3763118
-71.5072964 -16.3763118 -71.5071226 -16.3761879
-71.5072964 -16.3763118 -71.5073452 -16.3762575
-71.5080813 -16.3767896 -71.5082774 -16.3769316
-71.5080813 -16.3767896 -71.5080335 -16.3768464
-71.5080335 -16.3768464 -71.5076807 -16.3765858
-71.5080335 -16.3768464 -71.5080813 -16.3767896
-71.5102641 -16.3790634 -71.5103228 -16.3790169
-71.5102641 -16.3790634 -71.5101608 -16.378954 -71.5101008 -16.378893
-71.5102641 -16.3790634 -71.5102357 -16.3790679 -71.5102069 -16.3790589 -71.5101649 -16.3790352 -71.5100324 -16.3789308 -71.509931 -16.3788828 -71.5092559 -16.378788 -71.5089194 -16.3786845
-71.5052572 -16.3747689 -71.5055268 -16.3749602
-71.5052572 -16.3747689 -71.5052143 -16.3748242
-71.5052143 -16.3748242 -71.5049305 -16.3746219
-71.5052143 -16.3748242 -71.5052572 -16.3747689
-71.50304 -16.3703505 -71.5031232 -16.3704521 -71.503146 -16.3705396 -71.5031151 -16.3706001 -71.5030374 -16.3706452 -71.5029757 -16.3707146 -71.5029354 -16.370815
-71.5025854 -16.3706812 -71.5026726 -16.3707455 -71.5028308 -16.3708008 -71.5029354 -16.370815
-71.5029354 -16.370815 -71.5028308 -16.3708008 -71.5026726 -16.3707455 -71.5025854 -16.3706812
-71.5029354 -16.370815 -71.5030146 -16.3708304 -71.5031299 -16.3708266 -71.5032707 -16.3708562 -71.5033842 -16.370925 -71.5035518 -16.3710168
-71.5029354 -16.370815 -71.5029757 -16.3707146 -71.5030374 -16.3706452 -71.5031151 -16.3706001 -71.503146 -16.3705396 -71.5031232 -16.3704521 -71.50304 -16.3703505
-71.5057823 -16.3805402 -71.5057006 -16.3806582
-71.5057823 -16.3805402 -71.5058538 -16.3806611
-71.5057823 -16.3805402 -71.5057982 -16.3805149 -71.5059344 -16.3801166
-71.5058538 -16.3806611 -71.5057006 -16.3806582
-71.5058538 -16.3806611 -71.5057823 -16.3805402
-71.5058538 -16.3806611 -71.5060053 -16.3806626 -71.5064732 -16.3806835
-71.504176 -16.3739944 -71.5044402 -16.3741765
-71.504176 -16.3739944 -71.504132 -16.3740456
-71.504132 -16.3740456 -71.5038402 -16.3738383
-71.504132 -16.3740456 -71.504176 -16.3739944
-71.5094154 -16.3843183 -71.5092806 -16.3842048 -71.508961 -16.3839354 -71.5088412 -16.3838344
-71.5094154 -16.3843183 -71.5094382 -16.3843376 -71.5095916 -16.384496 -71.509671 -16.384578 -71.5097022 -16.3846315
-71.5094154 -16.3843183 -71.5094377 -16.3842949 -71.5094649 -16.3842711 -71.5096136 -16.3841177 -71.5096711 -16.3840557 -71.5097295 -16.3839965 -71.509786 -16.383923 -71.5098167 -16.3838687
-71.5075206 -16.3824172 -71.5076292 -16.3825272
-71.5081631 -16.3819706 -71.5081321 -16.3819354
-71.5132479 -16.3823654 -71.5131824 -16.3824123
-71.5132479 -16.3823654 -71.5134108 -16.3825682
-71.5131824 -16.3824123 -71.5132479 -16.3823654
-71.5131824 -16.3824123 -71.5128784 -16.3820507
-71.5139986 -16.3832338 -71.5139271 -16.3832921
-71.5139986 -16.3832338 -71.514321 -16.3836047
-71.5139271 -16.3832921 -71.5139986 -16.3832338
-71.5139271 -16.3832921 -71.5138021 -16.3831497
-71.5145455 -16.3838738 -71.5144823 -16.3839224
-71.5145455 -16.3838738 -71.514748 -16.3841164
-71.5144823 -16.3839224 -71.5145455 -16.3838738
-71.5144823 -16.3839224 -71.5142466 -16.383656
-71.5150873 -16.3845142 -71.5150321 -16.3845531
-71.5150873 -16.3845142 -71.5151773 -16.3846197
-71.5150321 -16.3845531 -71.5150873 -16.3845142
-71.5150321 -16.3845531 -71.5146881 -16.3841549
-71.515331 -16.3847994 -71.5152748 -16.3848415
-71.515331 -16.3847994 -71.5155202 -16.3850204
-71.5152748 -16.3848415 -71.515331 -16.3847994
-71.5152748 -16.3848415 -71.5151222 -16.3846574
-71.5130193 -16.3909267 -71.5126622 -16.3911952
-71.5130193 -16.3909267 -71.5130736 -16.3908859
-71.5189369 -16.3992571 -71.5184577 -16.3993453
-71.5189369 -16.3992571 -71.5189085 -16.3991698
-71.5189085 -16.3991698 -71.5197565 -16.399016
-71.5189085 -16.3991698 -71.5189369 -16.3992571
-71.5159024 -16.3994531 -71.5159059 -16.3995487
-71.5159024 -16.3994531 -71.5165746 -16.399422 -71.516687 -16.3994195
-71.5153114 -16.3994836 -71.5154811 -16.3994727
-71.5215403 -16.394279 -71.5215636 -16.3943572
-71.5215403 -16.394279 -71.5215148 -16.3942993 -71.5214807 -16.3943266
-71.5214807 -16.3943266 -71.5214251 -16.3942626
-71.5214807 -16.3943266 -71.5214289 -16.3943681 -71.5204705 -16.3951352 -71.5203753 -16.3952114
-71.5214251 -16.3942626 -71.5214573 -16.3942407 -71.5214881 -16.3942214
-71.5214251 -16.3942626 -71.5213983 -16.3942351 -71.5211304 -16.3939314 -71.5209896 -16.3937718
-71.5214881 -16.3942214 -71.5215403 -16.394279
-71.5214881 -16.3942214 -71.5215538 -16.3941845 -71.5224826 -16.3934609 -71.5225136 -16.3934367 -71.5225677 -16.3933973
-71.519447 -16.3867701 -71.5194135 -16.3867289
-71.519447 -16.3867701 -71.5197316 -16.3871118
-71.5119464 -16.3997266 -71.5119524 -16.3996507
-71.4771561 -16.3699025 -71.4755186 -16.3684569
-71.4771561 -16.3699025 -71.476682 -16.3704099
-71.4771561 -16.3699025 -71.4780981 -16.3707426 -71.4781925 -16.3708382
-71.4757862 -16.3645854 -71.4775906 -16.3661691
-71.4797123 -16.3730301 -71.4787661 -16.3722067
-71.4787661 -16.3722067 -71.4778143 -16.3732282
-71.4787661 -16.3722067 -71.4791795 -16.371763
-71.4787661 -16.3722067 -71.4777403 -16.3713271
-71.4787661 -16.3722067 -71.4797123 -16.3730301
-71.4777403 -16.3713271 -71.4781925 -16.3708382
-71.4777403 -16.3713271 -71.4767953 -16.3723489
-71.4777403 -16.3713271 -71.4787661 -16.3722067
-71.4777403 -16.3713271 -71.4766978 -16.3704326 -71.476682 -16.3704099
-71.476682 -16.3704099 -71.4757315 -16.3714272
-71.476682 -16.3704099 -71.4771561 -16.3699025
-71.476682 -16.3704099 -71.4755662 -16.3693754
-71.476682 -16.3704099 -71.4766978 -16.3704326 -71.4777403 -16.3713271
-71.4755662 -16.3693754 -71.476682 -16.3704099
-71.4755662 -16.3693754 -71.4755472 -16.3692203 -71.4755199 -16.3689968 -71.4755186 -16.3684569
-71.4755662 -16.3693754 -71.4755769 -16.3694633 -71.4756165 -16.3697406 -71.4756306 -16.3699465 -71.4756192 -16.3701581 -71.4756225 -16.3701999 -71.4756547 -16.3703286 -71.475658 -16.370364 -71.4756594 -16.3704161 -71.4756252 -16.370512 -71.475595 -16.3705712 -71.4755635 -16.3706149 -71.4752959 -16.3708021 -71.4752758 -16.3708195 -71.4752517 -16.3708504 -71.4752296 -16.3708948 -71.4752269 -16.3709334 -71.4752457 -16.3711058 -71.4752376 -16.3711438 -71.475127 -16.3713644 -71.4751102 -16.3714191 -71.47508 -16.3716083 -71.4750619 -16.3716765 -71.4749996 -16.3718032 -71.4749721 -16.3718534 -71.4749627 -16.3718849 -71.4749593 -16.3719087 -71.4750069 -16.372029 -71.4749962 -16.3721211
-71.4753342 -16.3654878 -71.4755998 -16.3657684 -71.4761845 -16.3662187 -71.476926 -16.3668855
-71.4785766 -16.3684028 -71.4784315 -16.3682645
-71.4785766 -16.3684028 -71.4792973 -16.3676669
-71.4785766 -16.3684028 -71.4792422 -16.3690367 -71.4795098 -16.3692897
-71.4792973 -16.3676669 -71.4804592 -16.3686867
-71.4792973 -16.3676669 -71.4785066 -16.366973
-71.4792973 -16.3676669 -71.4785766 -16.3684028
-71.4792973 -16.3676669 -71.4798893 -16.3669072 -71.4800029 -16.3668164 -71.4803338 -16.3667285 -71.4804546 -16.36654 -71.4807655 -16.3663987 -71.4809683 -16.3661303 -71.4809794 -16.3658639 -71.4810183 -16.3658319 -71.4811404 -16.3658639 -71.4813404 -16.3661233 -71.481607 -16.3662086 -71.4818735 -16.3662102 -71.4820568 -16.3661623 -71.4821068 -16.3660504 -71.4819179 -16.3658532 -71.481768 -16.36572 -71.4816236 -16.365379 -71.4813459 -16.3652138 -71.4812626 -16.3651019 -71.4812767 -16.3647941 -71.4813961 -16.3646873 -71.4816343 -16.3646615 -71.4819068 -16.3647076 -71.4821956 -16.3649474 -71.4824066 -16.364958 -71.4826121 -16.3648834 -71.4828843 -16.3648355 -71.4830842 -16.3649633 -71.4836562 -16.364974 -71.4842116 -16.3653683 -71.4847447 -16.3658958 -71.4849058 -16.3660024 -71.4853317 -16.3661252
-71.4785066 -16.366973 -71.4792973 -16.3676669
-71.4785066 -16.366973 -71.4775906 -16.3661691
-71.4785066 -16.366973 -71.4781921 -16.3672912
-71.477804 -16.3676839 -71.4784315 -16.3682645
-71.477804 -16.3676839 -71.4781921 -16.3672912
-71.477804 -16.3676839 -71.4774666 -16.3673717 -71.476926 -16.3668855
-71.4781921 -16.3672912 -71.477804 -16.3676839
-71.4781921 -16.3672912 -71.4785066 -16.366973
-71.4781921 -16.3672912 -71.4772814 -16.3665024
-71.4756008 -16.3650471 -71.4772814 -16.3665024
-71.476926 -16.3668855 -71.4772814 -16.3665024
-71.476926 -16.3668855 -71.4761845 -16.3662187 -71.4755998 -16.3657684 -71.4753342 -16.3654878
-71.476926 -16.3668855 -71.4774666 -16.3673717 -71.477804 -16.3676839
-71.4775906 -16.3661691 -71.4785066 -16.366973
-71.4775906 -16.3661691 -71.4757862 -16.3645854
-71.4775906 -16.3661691 -71.4772814 -16.3665024
-71.4772814 -16.3665024 -71.4756008 -16.3650471
-71.4772814 -16.3665024 -71.4781921 -16.3672912
-71.4772814 -16.3665024 -71.4775906 -16.3661691
-71.4772814 -16.3665024 -71.476926 -16.3668855
-71.4777776 -16.3750667 -71.4782287 -16.3745713
-71.4777776 -16.3750667 -71.4768655 -16.3742465
-71.4777776 -16.3750667 -71.4778373 -16.3751204 -71.4780019 -16.3752618 -71.478103 -16.3753608 -71.4781484 -16.3754217
-71.4798721 -16.3756772 -71.4790293 -16.3765659
-71.4790293 -16.3765659 -71.478744 -16.3762469
-71.4790293 -16.3765659 -71.4798721 -16.3756772
-71.4790293 -16.3765659 -71.4791197 -16.376667 -71.4793328 -16.3769179
-71.4805132 -16.3763669 -71.4796323 -16.3772706
-71.4796323 -16.3772706 -71.4793328 -16.3769179
-71.4796323 -16.3772706 -71.4805132 -16.3763669
-71.4796323 -16.3772706 -71.4796495 -16.3772908 -71.4799318 -16.3776427
-71.4813125 -16.3775815 -71.4804928 -16.3784127
-71.4848977 -16.3755371 -71.4844754 -16.3753478
-71.4848977 -16.3755371 -71.4853791 -16.3744961
-71.4848977 -16.3755371 -71.4851115 -16.3756329 -71.4853358 -16.3756462
-71.4848977 -16.3755371 -71.4847538 -16.375556 -71.4832208 -16.3755273 -71.4827418 -16.3754785 -71.4827028 -16.3754325 -71.4826186 -16.3751318
-71.4853791 -16.3744961 -71.4857806 -16.3746838
-71.4853791 -16.3744961 -71.4849571 -16.3742989
-71.4853791 -16.3744961 -71.4855851 -16.3740599
-71.4853791 -16.3744961 -71.4848977 -16.3755371
-71.4824711 -16.3744439 -71.48286 -16.374617
-71.4824711 -16.3744439 -71.4824818 -16.3744027 -71.4828037 -16.3736152 -71.4828654 -16.3735998 -71.4832219 -16.373761
-71.4824711 -16.3744439 -71.4824364 -16.3744816 -71.4826186 -16.3751318
-71.4826186 -16.3751318 -71.48286 -16.374617
-71.4826186 -16.3751318 -71.4824364 -16.3744816 -71.4824711 -16.3744439
-71.4826186 -16.3751318 -71.4827028 -16.3754325 -71.4827418 -16.3754785 -71.4832208 -16.3755273 -71.4847538 -16.375556 -71.4848977 -16.3755371
-71.48286 -16.374617 -71.4824711 -16.3744439
-71.48286 -16.374617 -71.4832529 -16.3747919
-71.48286 -16.374617 -71.4832219 -16.373761
-71.48286 -16.374617 -71.4826186 -16.3751318
-71.4832219 -16.373761 -71.4836372 -16.3739488
-71.4832219 -16.373761 -71.48286 -16.374617
-71.4832219 -16.373761 -71.4828654 -16.3735998 -71.4828037 -16.3736152 -71.4824818 -16.3744027 -71.4824711 -16.3744439
-71.4832219 -16.373761 -71.4829843 -16.3735652 -71.4829514 -16.3734704 -71.4830112 -16.3733871 -71.483107 -16.3733843 -71.4832627 -16.3733756 -71.4833735 -16.3732176 -71.4834933 -16.3730395 -71.4837478 -16.3728959 -71.4840831 -16.372781 -71.4843885 -16.372781 -71.4845353 -16.3726603 -71.4846101 -16.3724937 -71.484658 -16.3721949 -71.484679 -16.3719393 -71.4847718 -16.3717497 -71.4848946 -16.3715514 -71.4849095 -16.3713302 -71.4850083 -16.3708993 -71.4851041 -16.3704196 -71.4850922 -16.3701926 -71.4849664 -16.3700432 -71.4847688 -16.3699197 -71.4845338 -16.369766 -71.4839342 -16.3691462 -71.4834831 -16.3688584 -71.4830629 -16.3687317 -71.4829182 -16.3687487
-71.4796377 -16.3745441 -71.4784421 -16.3758185
-71.4784421 -16.3758185 -71.4796377 -16.3745441
-71.4784421 -16.3758185 -71.4785005 -16.3759104 -71.4785568 -16.3759966 -71.478744 -16.3762469
-71.4784421 -16.3758185 -71.4783788 -16.3757188 -71.4782692 -16.3755754 -71.4781776 -16.3754609 -71.4781484 -16.3754217
-71.4793588 -16.3741684 -71.4781484 -16.3754217
-71.4781484 -16.3754217 -71.4793588 -16.3741684
-71.4781484 -16.3754217 -71.4781776 -16.3754609 -71.4782692 -16.3755754 -71.4783788 -16.3757188 -71.4784421 -16.3758185
-71.4781484 -16.3754217 -71.478103 -16.3753608 -71.4780019 -16.3752618 -71.4778373 -16.3751204 -71.4777776 -16.3750667
-71.4801688 -16.3760675 -71.4793328 -16.3769179
-71.4793328 -16.3769179 -71.4796323 -16.3772706
-71.4793328 -16.3769179 -71.4801688 -16.3760675
-71.4793328 -16.3769179 -71.4791197 -16.376667 -71.4790293 -16.3765659
-71.4807857 -16.3767315 -71.4799318 -16.3776427
-71.4799318 -16.3776427 -71.4807857 -16.3767315
-71.4799318 -16.3776427 -71.4801362 -16.3778975 -71.4802143 -16.3780104
-71.4799318 -16.3776427 -71.4796495 -16.3772908 -71.4796323 -16.3772706
-71.4810325 -16.3771895 -71.4802143 -16.3780104
-71.4802143 -16.3780104 -71.4804928 -16.3784127
-71.4802143 -16.3780104 -71.4810325 -16.3771895
-71.4802143 -16.3780104 -71.4801362 -16.3778975 -71.4799318 -16.3776427
-71.4795519 -16.3753779 -71.478744 -16.3762469
-71.4873932 -16.3677089 -71.4871236 -16.3680423
-71.4873932 -16.3677089 -71.48742 -16.3672885
-71.4873932 -16.3677089 -71.4876321 -16.3679327 -71.4878373 -16.3681321 -71.4880612 -16.3683728 -71.4882845 -16.3687491 -71.4883925 -16.3688611 -71.488831 -16.369121 -71.4888994 -16.3691746
-71.4873932 -16.3677089 -71.4873491 -16.3676677 -71.4866451 -16.3671207
-71.485012 -16.3663734 -71.4855857 -16.3668743
-71.485012 -16.3663734 -71.485176 -16.3661679 -71.4853317 -16.3661252
-71.485012 -16.3663734 -71.4847506 -16.3667122 -71.4852455 -16.3672298 -71.4852711 -16.3672485
-71.4853317 -16.3661252 -71.4858377 -16.3664935
-71.4853317 -16.3661252 -71.4858183 -16.3661172 -71.4858779 -16.3661428
-71.4853317 -16.3661252 -71.485176 -16.3661679 -71.485012 -16.3663734
-71.4853317 -16.3661252 -71.4849058 -16.3660024 -71.4847447 -16.3658958 -71.4842116 -16.3653683 -71.4836562 -16.364974 -71.4830842 -16.3649633 -71.4828843 -16.3648355 -71.4826121 -16.3648834 -71.4824066 -16.364958 -71.4821956 -16.3649474 -71.4819068 -16.3647076 -71.4816343 -16.3646615 -71.4813961 -16.3646873 -71.4812767 -16.3647941 -71.4812626 -16.3651019 -71.4813459 -16.3652138 -71.4816236 -16.365379 -71.481768 -16.36572 -71.4819179 -16.3658532 -71.4821068 -16.3660504 -71.4820568 -16.3661623 -71.4818735 -16.3662102 -71.481607 -16.3662086 -71.4813404 -16.3661233 -71.4811404 -16.3658639 -71.4810183 -16.3658319 -71.4809794 -16.3658639 -71.4809683 -16.3661303 -71.4807655 -16.3663987 -71.4804546 -16.36654 -71.4803338 -16.3667285 -71.4800029 -16.3668164 -71.4798893 -16.3669072 -71.4792973 -16.3676669
-71.48742 -16.3672885 -71.4868582 -16.3668657
-71.48742 -16.3672885 -71.4873932 -16.3677089
-71.48742 -16.3672885 -71.4875331 -16.3672037 -71.4876527 -16.3671772 -71.4878704 -16.367372
-71.4858779 -16.3661428 -71.4859195 -16.3662509 -71.4858954 -16.3663345 -71.4858377 -16.3664935
-71.4858779 -16.3661428 -71.4855748 -16.3653553 -71.4855413 -16.3652331 -71.4854541 -16.3651366 -71.4852959 -16.3650632 -71.4849485 -16.3649809 -71.4846347 -16.364856 -71.4844282 -16.3647145 -71.4842834 -16.3645086 -71.4840996 -16.3642448 -71.4837234 -16.3638775 -71.4834237 -16.3635751 -71.4833929 -16.3634805 -71.4833446 -16.3628364 -71.483301 -16.362729 -71.4832494 -16.3626299 -71.4831474 -16.3625411 -71.4826834 -16.3622066 -71.4825225 -16.3620599 -71.482501 -16.3619621 -71.4825466 -16.3618051 -71.4826526 -16.361724 -71.4827277 -16.3617047 -71.4828175 -16.3617176 -71.4829101 -16.3617459 -71.4829946 -16.3617305 -71.4830442 -16.361679 -71.4830616 -16.3616327 -71.4830509 -16.3615825 -71.4830133 -16.36154 -71.4827304 -16.3613714 -71.482603 -16.3612724 -71.4824528 -16.3610896 -71.4823213 -16.3608567
-71.4858779 -16.3661428 -71.485924 -16.3661626 -71.4868582 -16.3668657
-71.4858779 -16.3661428 -71.4858183 -16.3661172 -71.4853317 -16.3661252
-71.4871236 -16.3680423 -71.4873932 -16.3677089
-71.4871236 -16.3680423 -71.4863597 -16.3674621
-71.4871236 -16.3680423 -71.4868722 -16.368353 -71.4867999 -16.3683663 -71.4860575 -16.3678235
-71.4855857 -16.3668743 -71.485012 -16.3663734
-71.4855857 -16.3668743 -71.4863597 -16.3674621
-71.4855857 -16.3668743 -71.4852711 -16.3672485
-71.4855857 -16.3668743 -71.4858377 -16.3664935
-71.4868582 -16.3668657 -71.48742 -16.3672885
-71.4868582 -16.3668657 -71.4866451 -16.3671207
-71.4868582 -16.3668657 -71.485924 -16.3661626 -71.4858779 -16.3661428
-71.4860575 -16.3678235 -71.4852711 -16.3672485
-71.4860575 -16.3678235 -71.4863597 -16.3674621
-71.4860575 -16.3678235 -71.4867999 -16.3683663 -71.4868722 -16.368353 -71.4871236 -16.3680423
-71.4863597 -16.3674621 -71.4855857 -16.3668743
-71.4863597 -16.3674621 -71.4871236 -16.3680423
-71.4863597 -16.3674621 -71.4860575 -16.3678235
-71.4863597 -16.3674621 -71.4866451 -16.3671207
-71.4866451 -16.3671207 -71.4858377 -16.3664935
-71.4866451 -16.3671207 -71.4863597 -16.3674621
-71.4866451 -16.3671207 -71.4868582 -16.3668657
-71.4866451 -16.3671207 -71.4873491 -16.3676677 -71.4873932 -16.3677089
-71.4852711 -16.3672485 -71.4860575 -16.3678235
-71.4852711 -16.3672485 -71.4855857 -16.3668743
-71.4852711 -16.3672485 -71.4852455 -16.3672298 -71.4847506 -16.3667122 -71.485012 -16.3663734
-71.4813041 -16.3722383 -71.4819861 -16.3716307
-71.4813041 -16.3722383 -71.4804855 -16.3714376
-71.4813041 -16.3722383 -71.4805879 -16.3728763 -71.4804444 -16.3727528 -71.4803747 -16.3726782 -71.4802889 -16.3726048 -71.4802279 -16.3725266
-71.4888482 -16.3724039 -71.4883252 -16.3728708
-71.4870752 -16.3739866 -71.4877801 -16.3733573
-71.4877801 -16.3733573 -71.4870752 -16.3739866
-71.4877801 -16.3733573 -71.4883252 -16.3728708
-71.4877801 -16.3733573 -71.4874711 -16.373057 -71.4872273 -16.3728306 -71.4862866 -16.3718542 -71.4862422 -16.3718109
-71.4877801 -16.3733573 -71.4883835 -16.3739437 -71.4885366 -16.3740676 -71.4886684 -16.3742052 -71.488726 -16.3742782 -71.4887764 -16.3743715
-71.4883252 -16.3728708 -71.4893533 -16.3739403
-71.4883252 -16.3728708 -71.4877801 -16.3733573
-71.4883252 -16.3728708 -71.4888482 -16.3724039
-71.4883252 -16.3728708 -71.488044 -16.3725782 -71.4874994 -16.37205 -71.4870673 -16.3716638 -71.4867669 -16.3713412
-71.4872469 -16.3709113 -71.4867669 -16.3713412
-71.4862422 -16.3718109 -71.4867669 -16.3713412
-71.4862422 -16.3718109 -71.4860576 -16.3716308 -71.4859452 -16.3713759 -71.4859718 -16.3710234 -71.486004 -16.3708021 -71.4860687 -16.3706344
-71.4862422 -16.3718109 -71.4862866 -16.3718542 -71.4872273 -16.3728306 -71.4874711 -16.373057 -71.4877801 -16.3733573
-71.4867669 -16.3713412 -71.4862422 -16.3718109
-71.4867669 -16.3713412 -71.4872469 -16.3709113
-71.4867669 -16.3713412 -71.4866707 -16.3712379 -71.4862623 -16.3708403 -71.4860687 -16.3706344
-71.4867669 -16.3713412 -71.4870673 -16.3716638 -71.4874994 -16.37205 -71.488044 -16.3725782 -71.4883252 -16.3728708
-71.5230021 -16.392189 -71.522588 -16.3916914
-71.5230021 -16.392189 -71.5234521 -16.3926912
-71.5230021 -16.392189 -71.5221507 -16.3928656
-71.5230021 -16.392189 -71.5236965 -16.3916525
-71.5236965 -16.3916525 -71.5232882 -16.3911404
-71.5236965 -16.3916525 -71.5230021 -16.392189
-71.5236965 -16.3916525 -71.5245204 -16.3910032
-71.5236965 -16.3916525 -71.5239567 -16.3919437 -71.5241156 -16.3921575 -71.5241367 -16.3921831
-71.5069671 -16.3796508 -71.5069503 -16.3797407 -71.5069436 -16.3797896 -71.5069315 -16.3798694 -71.5069101 -16.3799415
-71.5069671 -16.3796508 -71.5069717 -16.3796262 -71.5069838 -16.3795953 -71.50702 -16.3795863 -71.5070576 -16.3795812 -71.507126 -16.3795812 -71.5072198 -16.3795786 -71.5073392 -16.379585 -71.507389 -16.3795861 -71.5074294 -16.3796102 -71.5074347 -16.3796788 -71.5073756 -16.380648 -71.5073722 -16.3807043
-71.5069671 -16.3796508 -71.5069225 -16.379683 -71.5068367 -16.3797228 -71.5067469 -16.3797614 -71.5067388 -16.3797795 -71.5066886 -16.3799449
-71.5066886 -16.3799449 -71.5069101 -16.3799415
-71.5066886 -16.3799449 -71.5064611 -16.3799483 -71.5064732 -16.3806835
-71.5066886 -16.3799449 -71.5067388 -16.3797795 -71.5067469 -16.3797614 -71.5068367 -16.3797228 -71.5069225 -16.379683 -71.5069671 -16.3796508
-71.5099722 -16.3850046 -71.5097972 -16.3847672
-71.5098723 -16.3850766 -71.5098254 -16.3848791 -71.5097972 -16.3847672
-71.5097972 -16.3847672 -71.5099722 -16.3850046
-71.5097972 -16.3847672 -71.5098254 -16.3848791 -71.5098723 -16.3850766
-71.5097972 -16.3847672 -71.5097395 -16.3846784 -71.5097022 -16.3846315
-71.5095431 -16.3849473 -71.5095632 -16.3849969 -71.5096128 -16.3850753 -71.5096872 -16.3852143 -71.5097161 -16.3852355 -71.5097402 -16.3852362 -71.5097771 -16.3852098 -71.5097947 -16.3851463 -71.5097541 -16.3848155 -71.5097022 -16.3846315
